Rk,Player,Nation,Pos,Squad,Age,Born,MP,Starts,Min,90s,Gls,Ast,G+A,G-PK,PK,PKatt,CrdY,CrdR,xG,npxG,xAG,npxG+xAG,PrgC,PrgP,PrgR,Gls,Ast,G+A,G-PK,G+A-PK,xG,xAG,xG+xAG,npxG,npxG+xAG
1,Max Aarons,eng ENG,DF,Bournemouth,23-312,2000,12,11,950,10.6,0,1,1,0,0,0,1,0,0,0,0.8,0.8,16,31,19,0,0.09,0.09,0,0.09,0,0.08,0.08,0,0.08
2,Bénie Adama Traore,ci CIV,"FW,MF",Sheffield Utd,20-347,2002,6,3,325,3.6,0,0,0,0,0,0,0,0,0.3,0.3,0.5,0.7,7,9,13,0,0,0,0,0,0.07,0.13,0.2,0.07,0.2
3,Tosin Adarabioyo,eng ENG,DF,Fulham,26-049,1997,1,0,2,0,0,0,0,0,0,0,0,0,0,0,0,0,0,0,0,0,0,0,0,0,0,0,0,0,0
4,Elijah Adebayo,eng ENG,FW,Luton Town,25-309,1998,12,4,387,4.3,2,0,2,2,0,0,0,0,1.4,1.4,0.3,1.7,4,7,27,0.47,0,0.47,0.47,0.47,0.32,0.06,0.39,0.32,0.39
5,Simon Adingra,ci CIV,"FW,MF",Brighton,21-315,2002,10,6,576,6.4,2,1,3,2,0,0,0,0,1,1,1.3,2.3,18,11,54,0.31,0.16,0.47,0.31,0.47,0.15,0.2,0.35,0.15,0.35
6,Nayef Aguerd,ma MAR,DF,West Ham,27-227,1996,10,10,876,9.7,1,0,1,1,0,0,2,1,0.9,0.9,0,0.9,6,22,0,0.1,0,0.1,0.1,0.1,0.09,0,0.09,0.09,0.09
7,Naouirou Ahamada,fr FRA,"MF,FW",Crystal Palace,21-228,2002,6,0,82,0.9,0,0,0,0,0,0,0,0,0,0,0,0,6,7,8,0,0,0,0,0,0,0,0,0,0
8,Anel Ahmedhodžić,ba BIH,DF,Sheffield Utd,24-231,1999,8,8,720,8,0,0,0,0,0,0,3,0,0.9,0.9,0,0.9,3,11,10,0,0,0,0,0,0.11,0,0.11,0.11,0.11
9,Ola Aina,ng NGA,"DF,MF",Nott'ham Forest,27-035,1996,8,7,553,6.1,1,0,1,1,0,0,3,0,0.1,0.1,0.2,0.3,12,15,5,0.16,0,0.16,0.16,0.16,0.02,0.04,0.06,0.02,0.06
10,Rayan Aït Nouri,dz ALG,"DF,MF",Wolves,22-159,2001,12,11,870,9.7,0,0,0,0,0,0,4,0,1.2,1.2,0.8,2,18,45,38,0,0,0,0,0,0.13,0.08,0.21,0.13,0.21
11,Kristoffer Ajer,no NOR,DF,Brentford,25-209,1998,9,6,546,6.1,0,1,1,0,0,0,2,0,0.6,0.6,1.5,2.1,12,21,17,0,0.16,0.16,0,0.16,0.1,0.24,0.34,0.1,0.34
12,Manuel Akanji,ch SUI,DF,Manchester City,28-116,1995,8,8,719,8,1,0,1,1,0,0,3,1,0.1,0.1,0.2,0.3,12,33,8,0.13,0,0.13,0.13,0.13,0.01,0.02,0.04,0.01,0.04
13,Nathan Aké,nl NED,DF,Manchester City,28-267,1995,9,6,553,6.1,2,0,2,2,0,0,0,0,1.1,1.1,0.6,1.7,10,37,8,0.33,0,0.33,0.33,0.33,0.18,0.1,0.27,0.18,0.27
14,Trent Alexander-Arnold,eng ENG,DF,Liverpool,25-036,1998,9,8,688,7.6,0,1,1,0,0,0,3,0,0.5,0.5,1.9,2.4,20,51,25,0,0.13,0.13,0,0.13,0.06,0.24,0.31,0.06,0.31
15,Alisson,br BRA,GK,Liverpool,31-041,1992,11,11,990,11,0,0,0,0,0,0,1,0,0,0,0,0,0,1,0,0,0,0,0,0,0,0,0,0,0
16,Miguel Almirón,py PAR,FW,Newcastle Utd,29-275,1994,12,10,748,8.3,2,0,2,2,0,0,1,0,1.3,1.3,0.4,1.7,36,32,69,0.24,0,0.24,0.24,0.24,0.15,0.05,0.21,0.15,0.21
17,Edson Álvarez,mx MEX,MF,West Ham,26-019,1997,9,8,681,7.6,0,1,1,0,0,0,5,0,0.3,0.3,0.1,0.4,4,18,7,0,0.13,0.13,0,0.13,0.04,0.01,0.05,0.04,0.05
18,Julián Álvarez,ar ARG,"MF,FW",Manchester City,23-285,2000,11,11,907,10.1,4,3,7,4,0,0,2,0,3.1,3.1,1.6,4.7,22,38,60,0.4,0.3,0.69,0.4,0.69,0.31,0.16,0.47,0.31,0.47
19,Zeki Amdouni,ch SUI,"FW,MF",Burnley,22-343,2000,11,11,739,8.2,1,0,1,1,0,0,1,0,1.9,1.9,0.3,2.2,23,16,28,0.12,0,0.12,0.12,0.12,0.23,0.03,0.27,0.23,0.27
20,Sofyan Amrabat,ma MAR,"MF,DF",Manchester Utd,27-083,1996,5,4,313,3.5,0,0,0,0,0,0,2,0,0,0,0.1,0.1,4,36,4,0,0,0,0,0,0.01,0.03,0.04,0.01,0.04
21,Joachim Andersen,dk DEN,DF,Crystal Palace,27-165,1996,12,12,"1,080",12,2,1,3,2,0,0,2,0,0.7,0.7,1.3,2,12,69,5,0.17,0.08,0.25,0.17,0.25,0.06,0.1,0.17,0.06,0.17
22,Elliot Anderson,sct SCO,"MF,FW",Newcastle Utd,21-006,2002,9,4,411,4.6,0,1,1,0,0,0,0,0,0.7,0.7,0.9,1.6,14,26,33,0,0.22,0.22,0,0.22,0.16,0.19,0.35,0.16,0.35
23,Jaidon Anthony,eng ENG,FW,Bournemouth,23-346,1999,3,2,152,1.7,0,0,0,0,0,0,1,0,0.1,0.1,0,0.1,2,8,9,0,0,0,0,0,0.04,0,0.04,0.04,0.04
24,Michail Antonio,jm JAM,FW,West Ham,33-229,1990,11,11,801,8.9,2,2,4,2,0,0,2,0,1.8,1.8,0.7,2.5,25,10,45,0.22,0.22,0.45,0.22,0.45,0.21,0.08,0.28,0.21,0.28
25,Antony,br BRA,"FW,MF",Manchester Utd,23-261,2000,9,6,489,5.4,0,0,0,0,0,0,2,0,0.8,0.8,1.1,1.8,20,25,71,0,0,0,0,0,0.14,0.2,0.34,0.14,0.34
26,Cameron Archer,eng ENG,FW,Sheffield Utd,22-114,2001,8,7,622,6.9,2,0,2,2,0,0,1,0,0.6,0.6,0.5,1.2,7,7,36,0.29,0,0.29,0.29,0.29,0.09,0.08,0.17,0.09,0.17
27,Cameron Archer,eng ENG,MF,Aston Villa,22-114,2001,1,0,6,0.1,0,0,0,0,0,0,1,0,0,0,0,0,1,0,0,0,0,0,0,0,0,0,0,0,0
28,Alphonse Areola,fr FRA,GK,West Ham,30-258,1993,11,11,990,11,0,0,0,0,0,0,0,0,0,0,0,0,0,1,0,0,0,0,0,0,0,0,0,0,0
29,Serge Aurier,ci CIV,"DF,MF",Nott'ham Forest,30-323,1992,10,9,728,8.1,0,2,2,0,0,0,2,0,0.1,0.1,0.5,0.6,10,35,25,0,0.25,0.25,0,0.25,0.01,0.06,0.07,0.01,0.07
30,Taiwo Awoniyi,ng NGA,FW,Nott'ham Forest,26-092,1997,9,7,591,6.6,3,2,5,3,0,0,1,0,2.3,2.3,0.8,3.1,6,9,23,0.46,0.3,0.76,0.46,0.76,0.36,0.12,0.47,0.36,0.47
31,Jordan Ayew,gh GHA,"FW,MF",Crystal Palace,32-062,1991,12,12,"1,014",11.3,1,3,4,1,0,0,4,0,1.7,1.7,1.9,3.6,34,27,86,0.09,0.27,0.36,0.09,0.36,0.15,0.17,0.32,0.15,0.32
32,Leon Bailey,jm JAM,"MF,FW",Aston Villa,26-095,1997,9,2,317,3.5,3,2,5,3,0,0,1,0,1.9,1.9,1.6,3.4,19,10,43,0.85,0.57,1.42,0.85,1.42,0.53,0.44,0.97,0.53,0.97
33,George Baldock,gr GRE,"DF,MF",Sheffield Utd,30-248,1993,5,4,360,4,0,0,0,0,0,0,2,0,0,0,0.2,0.2,2,10,13,0,0,0,0,0,0,0.04,0.04,0,0.04
34,Carlos Baleba,cm CMR,MF,Brighton,19-313,2004,5,3,247,2.7,0,0,0,0,0,0,1,0,0.3,0.3,0,0.3,2,7,0,0,0,0,0,0,0.1,0.02,0.12,0.1,0.12
35,Shandon Baptiste,gd GRN,MF,Brentford,25-218,1998,1,0,19,0.2,0,0,0,0,0,0,0,0,0,0,0,0,0,0,0,0,0,0,0,0,0,0,0,0,0
36,Ross Barkley,eng ENG,MF,Luton Town,29-342,1993,7,5,445,4.9,0,0,0,0,0,0,0,0,0.6,0.6,0.6,1.2,9,26,5,0,0,0,0,0,0.12,0.12,0.24,0.12,0.24
37,Harvey Barnes,eng ENG,FW,Newcastle Utd,25-338,1997,6,2,187,2.1,1,1,2,1,0,0,1,0,0.7,0.7,0.9,1.6,15,5,16,0.48,0.48,0.96,0.48,0.96,0.35,0.42,0.76,0.35,0.76
38,Chris Basham,eng ENG,"DF,MF",Sheffield Utd,35-115,1988,8,3,321,3.6,0,0,0,0,0,0,1,0,0.1,0.1,0.3,0.4,1,7,6,0,0,0,0,0,0.04,0.07,0.1,0.04,0.1
39,Calvin Bassey,ng NGA,DF,Fulham,23-316,1999,7,4,397,4.4,0,0,0,0,0,0,2,1,0,0,0,0,2,3,3,0,0,0,0,0,0.01,0,0.01,0.01,0.01
40,Donny van de Beek,nl NED,DF,Manchester Utd,26-208,1997,1,0,3,0,0,0,0,0,0,0,0,0,0,0,0.1,0.2,0,0,1,0,0,0,0,0,1.09,4.44,5.54,1.09,5.54
41,Amari'i Bell,jm JAM,DF,Luton Town,29-191,1994,7,7,560,6.2,0,0,0,0,0,0,0,0,0.2,0.2,0,0.3,6,20,3,0,0,0,0,0,0.04,0,0.04,0.04,0.04
42,Jean-Ricner Bellegarde,fr FRA,MF,Wolves,25-138,1998,4,3,216,2.4,1,0,1,1,0,0,0,1,0.2,0.2,0.2,0.4,11,10,7,0.42,0,0.42,0.42,0.42,0.08,0.08,0.16,0.08,0.16
43,Anis Ben Slimane,tn TUN,MF,Sheffield Utd,22-241,2001,4,1,106,1.2,0,0,0,0,0,0,2,0,0.1,0.1,0,0.1,0,6,8,0,0,0,0,0,0.1,0,0.1,0.1,0.1
44,Saïd Benrahma,dz ALG,"FW,MF",West Ham,28-094,1995,9,4,436,4.8,0,1,1,0,0,0,1,0,0.5,0.5,1.4,1.9,22,19,55,0,0.21,0.21,0,0.21,0.1,0.28,0.39,0.1,0.39
45,Rodrigo Bentancur,uy URU,"MF,FW",Tottenham,26-140,1997,3,0,59,0.7,0,0,0,0,0,0,1,0,0.6,0.6,0.1,0.7,0,2,0,0,0,0,0,0,0.85,0.18,1.03,0.85,1.03
46,Jóhann Berg Guðmundsson,is ISL,"MF,FW",Burnley,33-016,1990,7,6,430,4.8,0,1,1,0,0,0,2,0,0.3,0.3,0.8,1.1,4,21,25,0,0.21,0.21,0,0.21,0.06,0.17,0.23,0.06,0.23
47,Sander Berge,no NOR,MF,Burnley,25-271,1998,12,9,790,8.8,0,1,1,0,0,0,2,0,0.9,0.9,0.7,1.5,11,31,16,0,0.11,0.11,0,0.11,0.1,0.08,0.18,0.1,0.18
48,Luke Berry,eng ENG,MF,Luton Town,31-123,1992,2,0,28,0.3,0,0,0,0,0,0,0,0,0,0,0,0,0,0,0,0,0,0,0,0,0,0,0,0,0
49,Beto,gw GNB,FW,Everton,25-285,1998,8,3,301,3.3,0,0,0,0,0,0,0,0,1.6,1.6,0.3,1.9,5,7,21,0,0,0,0,0,0.48,0.08,0.56,0.48,0.56
50,Jordan Beyer,de GER,DF,Burnley,23-177,2000,8,8,678,7.5,0,0,0,0,0,0,3,0,0.1,0.1,0.1,0.2,5,13,0,0,0,0,0,0,0.01,0.01,0.02,0.01,0.02
51,Philip Billing,dk DEN,MF,Bournemouth,27-154,1996,11,11,931,10.3,1,1,2,1,0,0,2,0,1.5,1.5,1.1,2.7,12,32,24,0.1,0.1,0.19,0.1,0.19,0.15,0.11,0.26,0.15,0.26
52,Yves Bissouma,ml MLI,MF,Tottenham,27-074,1996,11,11,884,9.8,0,0,0,0,0,0,7,1,0.9,0.9,0.3,1.2,27,68,5,0,0,0,0,0,0.1,0.03,0.12,0.1,0.12
53,Oscar Bobb,no NOR,"MF,FW",Manchester City,20-123,2003,4,0,53,0.6,0,1,1,0,0,0,0,0,0,0,0.6,0.6,4,7,6,0,1.7,1.7,0,1.7,0,1.04,1.04,0,1.04
54,Jayden Bogle,eng ENG,DF,Sheffield Utd,23-108,2000,8,7,568,6.3,1,0,1,1,0,0,1,0,0.6,0.6,0.3,1,8,10,17,0.16,0,0.16,0.16,0.16,0.1,0.05,0.15,0.1,0.15
55,Willy Boly,ci CIV,DF,Nott'ham Forest,32-282,1991,9,9,753,8.4,1,0,1,1,0,0,1,0,1.1,1.1,0.9,1.9,2,17,1,0.12,0,0.12,0.12,0.12,0.13,0.1,0.23,0.13,0.23
56,Sven Botman,nl NED,DF,Newcastle Utd,23-304,2000,5,5,446,5,1,1,2,1,0,0,1,0,0.3,0.3,0.7,1,0,9,2,0.2,0.2,0.4,0.2,0.4,0.06,0.14,0.2,0.06,0.2
57,Jarrod Bowen,eng ENG,FW,West Ham,26-327,1996,11,11,989,11,7,1,8,7,0,0,1,0,4.6,4.6,1.8,6.4,25,15,58,0.64,0.09,0.73,0.64,0.73,0.42,0.16,0.58,0.42,0.58
58,Jarrad Branthwaite,eng ENG,DF,Everton,21-138,2002,10,10,900,10,0,0,0,0,0,0,4,0,0.2,0.2,0.1,0.3,0,21,1,0,0,0,0,0,0.02,0.01,0.03,0.02,0.03
59,Rhian Brewster,eng ENG,FW,Sheffield Utd,23-225,2000,5,2,165,1.8,0,0,0,0,0,0,0,0,0,0,0.1,0.1,1,1,11,0,0,0,0,0,0.01,0.03,0.05,0.01,0.05
60,Armando Broja,al ALB,FW,Chelsea,22-063,2001,3,2,121,1.3,1,0,1,1,0,0,0,0,0.5,0.5,0,0.5,4,2,9,0.74,0,0.74,0.74,0.74,0.4,0,0.4,0.4,0.4
61,Andre Brooks,eng ENG,"MF,FW",Sheffield Utd,20-084,2003,2,0,21,0.2,0,0,0,0,0,0,0,0,0,0,0,0,0,0,2,0,0,0,0,0,0,0,0,0,0
62,David Brooks,wls WAL,"FW,MF",Bournemouth,26-127,1997,8,2,229,2.5,1,0,1,1,0,0,1,0,1.5,1.5,0.6,2.1,5,16,18,0.39,0,0.39,0.39,0.39,0.58,0.23,0.81,0.58,0.81
63,Jacob Brown,sct SCO,"MF,FW",Luton Town,25-216,1998,11,7,575,6.4,0,0,0,0,0,0,2,0,1.9,1.9,0.6,2.5,14,8,31,0,0,0,0,0,0.29,0.09,0.39,0.29,0.39
64,Josh Brownhill,eng ENG,MF,Burnley,27-328,1995,11,8,780,8.7,2,0,2,2,0,0,1,0,0.6,0.6,0.8,1.4,8,27,15,0.23,0,0.23,0.23,0.23,0.07,0.09,0.16,0.07,0.16
65,Jacob Bruun Larsen,dk DEN,"FW,MF",Burnley,25-054,1998,11,0,191,2.1,1,0,1,1,0,0,0,0,0.5,0.5,0.1,0.6,11,4,25,0.47,0,0.47,0.47,0.47,0.21,0.06,0.27,0.21,0.27
66,Hugo Bueno,es ESP,DF,Wolves,21-055,2002,6,1,145,1.6,0,0,0,0,0,0,0,0,0.2,0.2,0.1,0.3,7,3,13,0,0,0,0,0,0.11,0.07,0.19,0.11,0.19
67,Facundo Buonanotte,ar ARG,"MF,FW",Brighton,18-324,2004,3,1,77,0.9,0,0,0,0,0,0,0,0,0.1,0.1,0.2,0.3,0,2,4,0,0,0,0,0,0.13,0.19,0.32,0.13,0.32
68,Reece Burke,eng ENG,DF,Luton Town,27-071,1996,8,7,595,6.6,0,1,1,0,0,0,1,0,0.4,0.4,0.4,0.8,0,24,9,0,0.15,0.15,0,0.15,0.06,0.06,0.12,0.06,0.12
69,Dan Burn,eng ENG,DF,Newcastle Utd,31-187,1992,11,11,945,10.5,1,0,1,1,0,0,2,0,1,1,0.5,1.5,7,32,15,0.1,0,0.1,0.1,0.1,0.09,0.05,0.14,0.09,0.14
70,Mason Burstow,eng ENG,FW,Chelsea,20-100,2003,2,0,9,0.1,0,0,0,0,0,0,0,0,0,0,0,0,0,0,1,0,0,0,0,0,0,0,0,0,0
71,Moisés Caicedo,ec ECU,MF,Chelsea,22-010,2001,9,8,713,7.9,0,0,0,0,0,0,2,0,0.1,0.1,0.3,0.5,4,43,7,0,0,0,0,0,0.02,0.04,0.06,0.02,0.06
72,Tom Cairney,sct SCO,MF,Fulham,32-296,1991,9,2,171,1.9,0,0,0,0,0,0,0,0,0.1,0.1,0.6,0.8,2,13,5,0,0,0,0,0,0.08,0.33,0.4,0.08,0.4
73,Dominic Calvert-Lewin,eng ENG,FW,Everton,26-241,1997,9,7,575,6.4,3,0,3,3,0,0,0,0,2.9,2.9,0.2,3.1,10,9,27,0.47,0,0.47,0.47,0.47,0.45,0.04,0.48,0.45,0.48
74,Thomas Cannon,ie IRL,FW,Everton,20-319,2002,1,0,1,0,0,0,0,0,0,0,0,0,0,0,0,0,0,0,0,0,0,0,0,0,0,0,0,0,0
75,Diego Carlos,br BRA,DF,Aston Villa,30-242,1993,7,3,277,3.1,0,0,0,0,0,0,0,0,0.4,0.4,0,0.4,0,12,0,0,0,0,0,0,0.12,0,0.12,0.12,0.12
76,Casemiro,br BRA,MF,Manchester Utd,31-262,1992,8,8,648,7.2,1,0,1,1,0,0,1,0,1.8,1.8,0.3,2.1,8,55,24,0.14,0,0.14,0.14,0.14,0.25,0.04,0.29,0.25,0.29
77,Matty Cash,pl POL,"DF,MF",Aston Villa,26-097,1997,11,11,933,10.4,2,1,3,2,0,0,3,0,3,3,1.1,4.2,25,26,37,0.19,0.1,0.29,0.19,0.29,0.29,0.11,0.4,0.29,0.4
78,Timothy Castagne,be BEL,DF,Fulham,27-342,1995,8,7,648,7.2,0,0,0,0,0,0,1,0,0.2,0.2,0.3,0.5,17,31,35,0,0,0,0,0,0.02,0.04,0.06,0.02,0.06
79,Jonny Castro,es ESP,MF,Wolves,29-254,1994,1,0,5,0.1,0,0,0,0,0,0,0,0,0,0,0,0,0,0,0,0,0,0,0,0,0,0,0,0,0
80,Julio César Enciso,py PAR,MF,Brighton,19-293,2004,2,1,69,0.8,0,2,2,0,0,0,1,0,0.2,0.2,0.7,0.9,5,0,5,0,2.61,2.61,0,2.61,0.26,0.96,1.22,0.26,1.22
81,Youssef Chermiti,pt POR,FW,Everton,19-172,2004,5,0,34,0.4,0,0,0,0,0,0,1,0,0.1,0.1,0,0.1,0,1,4,0,0,0,0,0,0.15,0,0.15,0.15,0.15
82,Ben Chilwell,eng ENG,"DF,MF",Chelsea,26-326,1996,6,4,336,3.7,0,1,1,0,0,0,3,0,1,1,1.8,2.8,12,10,23,0,0.27,0.27,0,0.27,0.26,0.49,0.74,0.26,0.74
83,Tahith Chong,nl NED,MF,Luton Town,23-343,1999,10,5,529,5.9,1,0,1,1,0,0,2,0,0.8,0.8,0,0.9,9,20,20,0.17,0,0.17,0.17,0.17,0.14,0,0.15,0.14,0.15
84,Ryan Christie,sct SCO,MF,Bournemouth,28-263,1995,12,11,873,9.7,0,1,1,0,0,0,0,0,0.5,0.5,1.8,2.3,22,31,37,0,0.1,0.1,0,0.1,0.06,0.18,0.24,0.06,0.24
85,Carney Chukwuemeka,eng ENG,MF,Chelsea,20-023,2003,2,2,125,1.4,1,0,1,1,0,0,2,0,0.1,0.1,0.1,0.2,2,4,9,0.72,0,0.72,0.72,0.72,0.08,0.09,0.16,0.08,0.16
86,Jordan Clark,eng ENG,"MF,DF",Luton Town,30-051,1993,1,0,18,0.2,0,0,0,0,0,0,0,0,0,0,0,0,0,2,0,0,0,0,0,0,0,0,0,0,0
87,Nathaniel Clyne,eng ENG,DF,Crystal Palace,32-221,1991,3,1,132,1.5,0,0,0,0,0,0,0,0,0,0,0,0,0,4,3,0,0,0,0,0,0.02,0,0.02,0.02,0.02
88,Nathan Collins,ie IRL,DF,Brentford,22-196,2001,11,10,910,10.1,1,1,2,1,0,0,2,0,0.5,0.5,0.8,1.3,4,37,5,0.1,0.1,0.2,0.1,0.2,0.05,0.08,0.13,0.05,0.13
89,Levi Colwill,eng ENG,DF,Chelsea,20-259,2003,11,11,934,10.4,0,1,1,0,0,0,1,0,0.8,0.8,0.9,1.7,11,34,16,0,0.1,0.1,0,0.1,0.08,0.08,0.16,0.08,0.16
90,Lewis Cook,eng ENG,MF,Bournemouth,26-282,1997,8,7,613,6.8,0,0,0,0,0,0,1,1,0.1,0.1,0.3,0.4,3,20,2,0,0,0,0,0,0.01,0.05,0.06,0.01,0.06
91,Jack Cork,eng ENG,MF,Burnley,34-140,1989,1,0,17,0.2,0,0,0,0,0,0,0,0,0,0,0,0,2,1,1,0,0,0,0,0,0,0,0,0,0
92,Maxwel Cornet,ci CIV,MF,West Ham,27-046,1996,1,0,1,0,0,0,0,0,0,0,0,0,0,0,0,0,0,0,0,0,0,0,0,0,0,0,0,0,0
93,Vladimír Coufal,cz CZE,DF,West Ham,31-082,1992,11,11,986,11,0,4,4,0,0,0,0,0,0,0,1.2,1.2,30,46,30,0,0.37,0.37,0,0.37,0,0.11,0.11,0,0.11
94,Philippe Coutinho,br BRA,"MF,FW",Aston Villa,31-153,1992,2,0,25,0.3,0,0,0,0,0,0,0,0,0.1,0.1,0,0.1,5,5,2,0,0,0,0,0,0.52,0,0.52,0.52,0.52
95,Aaron Cresswell,eng ENG,DF,West Ham,33-332,1989,1,1,84,0.9,0,0,0,0,0,0,0,0,0,0,0.1,0.1,1,8,1,0,0,0,0,0,0,0.11,0.11,0,0.11
96,Marc Cucurella,es ESP,DF,Chelsea,25-113,1998,5,4,395,4.4,0,0,0,0,0,0,3,0,0.8,0.8,0.1,0.9,8,15,20,0,0,0,0,0,0.18,0.02,0.2,0.18,0.2
97,Josh Cullen,ie IRL,MF,Burnley,27-219,1996,10,10,839,9.3,0,1,1,0,0,0,5,0,0.1,0.1,0.6,0.7,5,39,9,0,0.11,0.11,0,0.11,0.01,0.06,0.07,0.01,0.07
98,Matheus Cunha,br BRA,FW,Wolves,24-169,1999,12,12,981,10.9,2,2,4,2,0,0,1,0,3.1,3.1,1.6,4.8,44,29,44,0.18,0.18,0.37,0.18,0.37,0.29,0.15,0.44,0.29,0.44
99,Mahmoud Dahoud,de GER,MF,Brighton,27-315,1996,7,4,339,3.8,0,1,1,0,0,0,1,0,0.1,0.1,0.7,0.8,3,8,5,0,0.27,0.27,0,0.27,0.02,0.18,0.2,0.02,0.2
100,Ameen Al-Dakhil,be BEL,DF,Burnley,21-251,2002,10,10,855,9.5,0,0,0,0,0,0,1,0,0.2,0.2,0.1,0.3,6,29,2,0,0,0,0,0,0.02,0.01,0.03,0.02,0.03
101,Diogo Dalot,pt POR,DF,Manchester Utd,24-239,1999,11,10,925,10.3,1,0,1,1,0,0,2,0,0.4,0.4,0.9,1.3,21,47,44,0.1,0,0.1,0.1,0.1,0.04,0.09,0.13,0.04,0.13
102,Mikkel Damsgaard,dk DEN,"MF,FW",Brentford,23-132,2000,2,0,54,0.6,0,0,0,0,0,0,0,0,0.1,0.1,0,0.1,0,4,0,0,0,0,0,0,0.12,0,0.12,0.12,0.12
103,Danilo,br BRA,"MF,FW",Nott'ham Forest,22-197,2001,5,4,292,3.2,0,0,0,0,0,0,1,0,0.2,0.2,0.1,0.2,3,7,8,0,0,0,0,0,0.05,0.02,0.06,0.05,0.06
104,Arnaut Danjuma,nl NED,"FW,MF",Everton,26-285,1997,8,3,373,4.1,1,0,1,1,0,0,0,0,1.8,1.8,0.3,2.2,13,4,27,0.24,0,0.24,0.24,0.24,0.45,0.08,0.53,0.45,0.53
105,Josh Dasilva,eng ENG,MF,Brentford,25-020,1998,1,0,10,0.1,0,0,0,0,0,0,0,0,0,0,0,0,0,0,0,0,0,0,0,0,0,0,0,0,0
106,Ben Davies,wls WAL,DF,Tottenham,30-202,1993,6,2,182,2,0,0,0,0,0,0,0,0,0.6,0.6,0,0.6,0,14,5,0,0,0,0,0,0.3,0,0.3,0.3,0.3
107,Tom Davies,eng ENG,MF,Sheffield Utd,25-135,1998,3,0,60,0.7,0,0,0,0,0,0,1,0,0.1,0.1,0.1,0.2,3,4,1,0,0,0,0,0,0.14,0.11,0.25,0.14,0.25
108,Craig Dawson,eng ENG,DF,Wolves,33-190,1990,12,12,"1,060",11.8,0,0,0,0,0,0,5,0,0.7,0.7,0.6,1.3,1,29,2,0,0,0,0,0,0.06,0.05,0.11,0.06,0.11
109,Kevin De Bruyne,be BEL,MF,Manchester City,32-137,1991,1,1,22,0.2,0,0,0,0,0,0,0,0,0,0,0.2,0.2,0,1,3,0,0,0,0,0,0.08,0.83,0.91,0.08,0.91
110,Hannes Delcroix,be BEL,DF,Burnley,24-257,1999,6,2,241,2.7,0,0,0,0,0,0,1,0,0.4,0.4,0.1,0.5,1,7,0,0,0,0,0,0,0.13,0.05,0.19,0.13,0.19
111,Leander Dendoncker,be BEL,"MF,FW",Aston Villa,28-211,1995,4,0,8,0.1,0,0,0,0,0,0,0,0,0,0,0,0,0,0,1,0,0,0,0,0,0,0,0,0,0
112,Moussa Diaby,fr FRA,"FW,MF",Aston Villa,24-128,1999,11,11,883,9.8,3,3,6,3,0,0,0,0,2,2,3.6,5.5,37,34,72,0.31,0.31,0.61,0.31,0.61,0.2,0.36,0.57,0.2,0.57
113,Rúben Dias,pt POR,DF,Manchester City,26-182,1997,9,8,736,8.2,0,0,0,0,0,0,0,0,0.4,0.4,0,0.4,15,53,6,0,0,0,0,0,0.05,0,0.05,0.05,0.05
114,Luis Díaz,co COL,"FW,MF",Liverpool,26-303,1997,10,8,632,7,3,0,3,3,0,0,0,0,2.8,2.8,0.7,3.5,27,20,71,0.43,0,0.43,0.43,0.43,0.4,0.1,0.5,0.4,0.5
115,Eric Dier,eng ENG,DF,Tottenham,29-301,1994,2,1,147,1.6,0,0,0,0,0,0,0,0,0,0,0,0,0,2,0,0,0,0,0,0,0,0,0,0,0
116,Lucas Digne,fr FRA,DF,Aston Villa,30-115,1993,11,11,980,10.9,0,2,2,0,0,0,4,0,0.2,0.2,2,2.2,19,40,124,0,0.18,0.18,0,0.18,0.02,0.18,0.2,0.02,0.2
117,Issa Diop,fr FRA,DF,Fulham,26-307,1997,8,8,700,7.8,0,0,0,0,0,0,2,0,0.2,0.2,0,0.2,9,45,0,0,0,0,0,0,0.02,0,0.02,0.02,0.02
118,Axel Disasi,fr FRA,DF,Chelsea,25-246,1998,10,10,876,9.7,1,0,1,1,0,0,2,0,0.8,0.8,0.2,1,9,47,7,0.1,0,0.1,0.1,0.1,0.08,0.02,0.1,0.08,0.1
119,Ben Doak,sct SCO,FW,Liverpool,18-001,2005,1,0,14,0.2,0,0,0,0,0,0,0,0,0,0,0,0,0,0,0,0,0,0,0,0,0,0,0,0,0
120,Lewis Dobbin,eng ENG,MF,Everton,20-313,2003,3,1,118,1.3,0,0,0,0,0,0,0,0,0.1,0.1,0,0.1,5,0,6,0,0,0,0,0,0.05,0.02,0.07,0.05,0.07
121,Matt Doherty,ie IRL,"MF,DF",Wolves,31-300,1992,6,1,252,2.8,0,0,0,0,0,0,1,0,0.2,0.2,0.5,0.7,1,4,14,0,0,0,0,0,0.06,0.18,0.24,0.06,0.24
122,Jeremy Doku,be BEL,"FW,DF",Manchester City,21-169,2002,8,6,495,5.5,2,5,7,2,0,0,1,0,0.5,0.5,1.9,2.4,62,15,80,0.36,0.91,1.27,0.36,1.27,0.09,0.34,0.43,0.09,0.43
123,Nicolás Domínguez,ar ARG,MF,Nott'ham Forest,25-137,1998,6,6,490,5.4,1,0,1,1,0,0,1,0,0.5,0.5,0,0.5,3,29,17,0.18,0,0.18,0.18,0.18,0.1,0,0.1,0.1,0.1
124,Gabriel Dos Santos,br BRA,DF,Arsenal,25-328,1997,10,8,746,8.3,0,0,0,0,0,0,1,0,0.3,0.3,0,0.4,4,30,4,0,0,0,0,0,0.04,0,0.04,0.04,0.04
125,Abdoulaye Doucouré,ml MLI,"FW,MF",Everton,30-315,1993,12,12,"1,036",11.5,4,0,4,4,0,0,3,0,4.2,4.2,1.6,5.7,26,33,61,0.35,0,0.35,0.35,0.35,0.36,0.14,0.5,0.36,0.5
126,Cheick Doucouré,ml MLI,MF,Crystal Palace,23-308,2000,10,10,866,9.6,0,0,0,0,0,0,2,0,0.3,0.3,0.6,0.9,8,43,3,0,0,0,0,0,0.03,0.06,0.09,0.03,0.09
127,Alfie Doughty,eng ENG,"DF,MF",Luton Town,23-326,1999,12,9,805,8.9,0,1,1,0,0,0,1,0,0.2,0.2,1.7,1.9,19,36,41,0,0.11,0.11,0,0.11,0.03,0.19,0.22,0.03,0.22
128,Tommy Doyle,eng ENG,MF,Wolves,22-026,2001,6,1,170,1.9,0,0,0,0,0,0,1,0,0.1,0.1,0,0.1,4,16,5,0,0,0,0,0,0.03,0.01,0.04,0.03,0.04
129,Lewis Dunk,eng ENG,DF,Brighton,31-356,1991,11,11,990,11,1,0,1,1,0,0,3,0,1.5,1.5,0.1,1.6,18,61,5,0.09,0,0.09,0.09,0.09,0.14,0.01,0.15,0.14,0.15
130,Jhon Durán,co COL,"FW,MF",Aston Villa,19-334,2003,6,0,73,0.8,2,0,2,2,0,0,2,0,0.7,0.7,0,0.7,4,2,4,2.47,0,2.47,2.47,2.47,0.9,0.02,0.91,0.9,0.91
131,Ederson,br BRA,GK,Manchester City,30-087,1993,10,10,900,10,0,0,0,0,0,0,2,0,0,0,0.1,0.1,0,1,0,0,0,0,0,0,0,0.01,0.01,0,0.01
132,Odsonne Édouard,fr FRA,"FW,MF",Crystal Palace,25-300,1998,11,11,942,10.5,5,0,5,5,0,0,2,0,3.8,3.8,0.7,4.6,21,17,54,0.48,0,0.48,0.48,0.48,0.37,0.07,0.44,0.37,0.44
133,John Egan,ie IRL,DF,Sheffield Utd,31-023,1992,6,6,482,5.4,0,0,0,0,0,0,2,0,0.2,0.2,0,0.2,0,5,1,0,0,0,0,0,0.03,0,0.03,0.03,0.03
134,Anthony Elanga,se SWE,"FW,MF",Nott'ham Forest,21-199,2002,11,5,565,6.3,1,3,4,1,0,0,0,0,1,1,1.9,2.9,31,13,49,0.16,0.48,0.64,0.16,0.64,0.16,0.29,0.46,0.16,0.46
135,Harvey Elliott,eng ENG,MF,Liverpool,20-222,2003,9,1,254,2.8,0,1,1,0,0,0,1,0,0.3,0.3,0.8,1.1,10,21,25,0,0.35,0.35,0,0.35,0.11,0.29,0.39,0.11,0.39
136,Mohamed Elneny,eg EGY,MF,Arsenal,31-124,1992,1,0,2,0,0,0,0,0,0,0,0,0,0,0,0,0,0,0,0,0,0,0,0,0,0,0,0,0,0
137,Emerson,br BRA,DF,Tottenham,24-302,1999,9,2,330,3.7,1,0,1,1,0,0,1,0,0.1,0.1,0,0.1,14,15,10,0.27,0,0.27,0.27,0.27,0.01,0,0.01,0.01,0.01
138,Wataru Endo,jp JPN,"MF,FW",Liverpool,30-276,1993,6,1,121,1.3,0,0,0,0,0,0,0,0,0,0,0,0,0,5,1,0,0,0,0,0,0,0,0,0,0
139,Christian Eriksen,dk DEN,MF,Manchester Utd,31-271,1992,11,6,607,6.7,1,1,2,1,0,0,0,0,0.4,0.4,1,1.4,14,32,15,0.15,0.15,0.3,0.15,0.3,0.06,0.15,0.21,0.06,0.21
140,Pervis Estupiñán,ec ECU,DF,Brighton,25-295,1998,6,6,495,5.5,1,3,4,1,0,0,2,0,0.9,0.9,2.8,3.6,22,41,36,0.18,0.55,0.73,0.18,0.73,0.16,0.5,0.66,0.16,0.66
141,Jonny Evans,nir NIR,DF,Manchester Utd,35-313,1988,6,5,448,5,0,1,1,0,0,0,1,0,0.1,0.1,0.2,0.2,1,12,0,0,0.2,0.2,0,0.2,0.01,0.03,0.04,0.01,0.04
142,Eberechi Eze,eng ENG,"MF,FW",Crystal Palace,25-136,1998,9,8,750,8.3,2,1,3,1,1,1,2,0,3.2,2.4,1.8,4.2,24,31,48,0.24,0.12,0.36,0.12,0.24,0.38,0.22,0.6,0.29,0.51
143,Ansu Fati,es ESP,"MF,FW",Brighton,21-012,2002,7,0,200,2.2,2,0,2,2,0,0,1,0,2.2,2.2,0.4,2.5,7,18,13,0.9,0,0.9,0.9,0.9,0.97,0.16,1.13,0.97,1.13
144,Evan Ferguson,ie IRL,FW,Brighton,19-024,2004,11,7,581,6.5,5,0,5,5,0,0,0,0,2.7,2.7,0.5,3.2,7,9,23,0.77,0,0.77,0.77,0.77,0.42,0.07,0.49,0.42,0.49
145,Bruno Fernandes,pt POR,"MF,FW",Manchester Utd,29-065,1994,12,12,"1,080",12,3,2,5,2,1,1,4,0,3.5,2.7,4,6.7,19,108,69,0.25,0.17,0.42,0.17,0.33,0.29,0.33,0.62,0.23,0.56
146,Enzo Fernández,ar ARG,MF,Chelsea,22-299,2001,10,10,833,9.3,0,0,0,0,0,1,3,0,2.3,1.5,1.1,2.7,24,90,25,0,0,0,0,0,0.25,0.12,0.37,0.16,0.29
147,John Fleck,sct SCO,MF,Sheffield Utd,32-080,1991,1,0,20,0.2,0,0,0,0,0,0,0,0,0,0,0,0,2,0,0,0,0,0,0,0,0,0,0,0,0
148,Mark Flekken,nl NED,GK,Brentford,30-152,1993,10,10,855,9.5,0,0,0,0,0,0,1,0,0,0,0,0,0,1,0,0,0,0,0,0,0,0,0,0,0
149,Phil Foden,eng ENG,"FW,MF",Manchester City,23-168,2000,11,9,831,9.2,3,3,6,3,0,0,1,0,2.6,2.6,1.7,4.3,18,47,71,0.32,0.32,0.65,0.32,0.65,0.28,0.19,0.47,0.28,0.47
150,Wes Foderingham,eng ENG,GK,Sheffield Utd,32-302,1991,11,11,990,11,0,0,0,0,0,0,1,0,0,0,0,0,0,0,0,0,0,0,0,0,0,0,0,0,0
151,Pablo Fornals,es ESP,"MF,FW",West Ham,27-263,1996,8,1,172,1.9,0,0,0,0,0,0,0,0,0.3,0.3,0.1,0.4,2,12,12,0,0,0,0,0,0.15,0.06,0.21,0.15,0.21
152,Lyle Foster,za RSA,"FW,MF",Burnley,23-070,2000,7,7,607,6.7,3,2,5,3,0,0,0,1,1.6,1.6,1.2,2.7,18,7,29,0.44,0.3,0.74,0.44,0.74,0.23,0.17,0.4,0.23,0.4
153,Matheus França,br BRA,"FW,MF",Crystal Palace,19-225,2004,2,0,33,0.4,0,0,0,0,0,0,0,0,0.1,0.1,0.3,0.4,1,1,2,0,0,0,0,0,0.22,0.85,1.08,0.22,1.08
154,Cody Gakpo,nl NED,"FW,MF",Liverpool,24-189,1999,9,5,378,4.2,2,0,2,2,0,0,0,0,2.5,2.5,0.2,2.7,7,19,28,0.48,0,0.48,0.48,0.48,0.59,0.05,0.64,0.59,0.64
155,Conor Gallagher,eng ENG,MF,Chelsea,23-279,2000,11,11,945,10.5,0,3,3,0,0,0,1,0,0.7,0.7,1.6,2.3,19,58,35,0,0.29,0.29,0,0.29,0.07,0.15,0.22,0.07,0.22
156,Idrissa Gana Gueye,sn SEN,MF,Everton,34-047,1989,9,8,674,7.5,1,0,1,1,0,0,2,0,0.4,0.4,0.5,0.9,14,27,11,0.13,0,0.13,0.13,0.13,0.05,0.07,0.13,0.05,0.13
157,Alejandro Garnacho,ar ARG,"FW,MF",Manchester Utd,19-134,2004,10,4,404,4.5,0,0,0,0,0,0,1,0,0.8,0.8,0.7,1.5,32,15,56,0,0,0,0,0,0.18,0.16,0.34,0.18,0.34
158,James Garner,eng ENG,MF,Everton,22-244,2001,12,11,977,10.9,1,1,2,1,0,0,2,0,1.3,1.3,1.9,3.2,13,33,26,0.09,0.09,0.18,0.09,0.18,0.12,0.18,0.29,0.12,0.29
159,Saman Ghoddos,ir IRN,"DF,MF",Brentford,30-067,1993,6,0,64,0.7,1,0,1,1,0,0,3,0,0.1,0.1,0.3,0.4,4,7,2,1.41,0,1.41,1.41,1.41,0.14,0.46,0.6,0.14,0.6
160,Morgan Gibbs-White,eng ENG,"MF,FW",Nott'ham Forest,23-289,2000,11,10,923,10.3,0,1,1,0,0,0,3,0,1.2,1.2,2,3.3,24,38,54,0,0.1,0.1,0,0.1,0.12,0.2,0.32,0.12,0.32
161,Bryan Gil,es ESP,"FW,MF",Tottenham,22-274,2001,2,0,18,0.2,0,0,0,0,0,0,0,0,0,0,0,0,0,0,4,0,0,0,0,0,0,0,0,0,0
162,Billy Gilmour,sct SCO,MF,Brighton,22-154,2001,10,6,548,6.1,0,1,1,0,0,0,2,0,0.3,0.3,1.5,1.8,8,48,12,0,0.16,0.16,0,0.16,0.05,0.24,0.29,0.05,0.29
163,Ben Godfrey,eng ENG,DF,Everton,25-301,1998,1,0,1,0,0,0,0,0,0,0,0,0,0,0,0,0,0,0,0,0,0,0,0,0,0,0,0,0,0
164,João Gomes,br BRA,MF,Wolves,22-273,2001,11,10,761,8.5,0,0,0,0,0,0,4,0,0.3,0.3,0.4,0.7,5,24,5,0,0,0,0,0,0.03,0.05,0.08,0.03,0.08
165,Toti Gomes,pt POR,DF,Wolves,24-300,1999,9,6,585,6.5,0,1,1,0,0,0,0,0,0.2,0.2,0.3,0.5,6,18,0,0,0.15,0.15,0,0.15,0.02,0.05,0.08,0.02,0.08
166,Joe Gomez,eng ENG,DF,Liverpool,26-173,1997,10,5,505,5.6,0,0,0,0,0,0,1,0,0.2,0.2,0.2,0.4,9,26,31,0,0,0,0,0,0.04,0.04,0.08,0.04,0.08
167,Sergio Gómez,es ESP,FW,Manchester City,23-069,2000,2,0,16,0.2,0,1,1,0,0,0,0,0,0,0,0.2,0.2,3,1,2,0,5.63,5.63,0,5.63,0,1.06,1.06,0,1.06
168,Anthony Gordon,eng ENG,FW,Newcastle Utd,22-261,2001,11,10,881,9.8,4,2,6,4,0,0,6,0,3.3,3.3,1.7,5,40,29,70,0.41,0.2,0.61,0.41,0.61,0.34,0.17,0.51,0.34,0.51
169,Ryan Gravenberch,nl NED,MF,Liverpool,21-180,2002,7,3,272,3,0,0,0,0,0,0,0,0,0.8,0.8,0.3,1.1,10,23,19,0,0,0,0,0,0.26,0.1,0.36,0.26,0.36
170,Jack Grealish,eng ENG,FW,Manchester City,28-063,1995,6,3,297,3.3,0,1,1,0,0,0,2,0,0.6,0.6,1,1.6,23,14,45,0,0.3,0.3,0,0.3,0.17,0.3,0.48,0.17,0.48
171,Pascal Groß,de GER,"MF,DF",Brighton,32-150,1991,9,9,798,8.9,2,1,3,2,0,0,1,0,1.4,1.4,1.4,2.8,21,78,42,0.23,0.11,0.34,0.23,0.34,0.16,0.16,0.32,0.16,0.32
172,Marc Guéhi,eng ENG,DF,Crystal Palace,23-122,2000,11,11,989,11,0,0,0,0,0,0,1,0,0.6,0.6,0.1,0.7,8,27,1,0,0,0,0,0,0.06,0.01,0.07,0.06,0.07
173,Bruno Guimarães,br BRA,MF,Newcastle Utd,25-361,1997,11,11,952,10.6,1,1,2,1,0,0,5,0,1,1,1.2,2.2,19,70,15,0.09,0.09,0.19,0.09,0.19,0.09,0.12,0.21,0.09,0.21
174,Malo Gusto,fr FRA,DF,Chelsea,20-177,2003,8,6,514,5.7,0,2,2,0,0,0,1,1,0.1,0.1,0.6,0.7,27,23,38,0,0.35,0.35,0,0.35,0.02,0.1,0.12,0.02,0.12
175,Joško Gvardiol,hr CRO,DF,Manchester City,21-293,2002,8,7,641,7.1,0,0,0,0,0,0,1,0,0.2,0.2,0.7,0.9,18,40,15,0,0,0,0,0,0.03,0.09,0.12,0.03,0.12
176,Erling Haaland,no NOR,FW,Manchester City,23-114,2000,11,11,933,10.4,11,2,13,9,2,3,0,0,10.6,8.3,2.5,10.8,7,8,44,1.06,0.19,1.25,0.87,1.06,1.02,0.24,1.27,0.8,1.04
177,Antwoine Hackford,eng ENG,FW,Sheffield Utd,19-237,2004,2,0,13,0.1,0,0,0,0,0,0,0,0,0,0,0,0,0,0,0,0,0,0,0,0,0,0,0,0,0
178,Lewis Hall,eng ENG,DF,Newcastle Utd,19-065,2004,2,1,55,0.6,0,0,0,0,0,0,0,0,0,0,0,0,1,2,0,0,0,0,0,0,0.04,0,0.04,0.04,0.04
179,Gustavo Hamer,nl NED,MF,Sheffield Utd,26-141,1997,10,10,812,9,2,0,2,2,0,0,2,0,0.8,0.8,0.7,1.5,12,37,20,0.22,0,0.22,0.22,0.22,0.08,0.08,0.16,0.08,0.16
180,Luke Harris,wls WAL,MF,Fulham,18-223,2005,1,0,75,0.8,0,0,0,0,0,0,0,0,0.3,0.3,0,0.3,0,1,0,0,0,0,0,0,0.33,0,0.33,0.33,0.33
181,Jack Harrison,eng ENG,MF,Everton,26-357,1996,6,5,437,4.9,1,3,4,1,0,0,0,0,0.5,0.5,1.3,1.8,11,8,20,0.21,0.62,0.82,0.21,0.82,0.1,0.27,0.37,0.1,0.37
182,Kai Havertz,de GER,MF,Arsenal,24-154,1999,12,8,714,7.9,1,1,2,0,1,1,4,0,2.2,1.4,0.7,2.2,11,35,51,0.13,0.13,0.25,0,0.13,0.28,0.09,0.37,0.18,0.27
183,Jan Paul van Hecke,nl NED,DF,Brighton,23-157,2000,6,4,389,4.3,0,0,0,0,0,0,1,0,0,0,0,0,2,27,0,0,0,0,0,0,0,0,0,0,0
184,Hwang Hee-chan,kr KOR,"FW,MF",Wolves,27-290,1996,12,9,774,8.6,6,2,8,6,0,0,3,0,2.6,2.6,2,4.6,17,19,42,0.7,0.23,0.93,0.7,0.93,0.31,0.23,0.54,0.31,0.54
185,Rico Henry,eng ENG,DF,Brentford,26-127,1997,5,5,401,4.5,0,1,1,0,0,0,1,0,0.1,0.1,1,1.1,13,20,12,0,0.22,0.22,0,0.22,0.02,0.22,0.24,0.02,0.24
186,Son Heung-min,kr KOR,FW,Tottenham,31-127,1992,12,12,976,10.8,8,1,9,8,0,0,0,0,4.6,4.6,2.4,7,23,43,96,0.74,0.09,0.83,0.74,0.83,0.42,0.22,0.65,0.42,0.65
187,Aaron Hickey,sct SCO,DF,Brentford,21-155,2002,9,9,713,7.9,0,0,0,0,0,0,5,0,0.2,0.2,0.1,0.3,9,21,13,0,0,0,0,0,0.03,0.01,0.04,0.03,0.04
188,James Hill,eng ENG,DF,Bournemouth,21-306,2002,1,0,16,0.2,0,0,0,0,0,0,0,0,0,0,0,0,0,3,1,0,0,0,0,0,0,0,0,0,0
189,Jack Hinshelwood,eng ENG,MF,Brighton,18-215,2005,1,1,85,0.9,0,0,0,0,0,0,0,0,0,0,0.1,0.1,1,3,1,0,0,0,0,0,0,0.08,0.08,0,0.08
190,Callum Hudson-Odoi,eng ENG,FW,Nott'ham Forest,23-005,2000,4,3,229,2.5,1,0,1,1,0,0,0,0,0.1,0.1,0.2,0.4,18,8,25,0.39,0,0.39,0.39,0.39,0.05,0.09,0.14,0.05,0.14
191,Will Hughes,eng ENG,MF,Crystal Palace,28-209,1995,9,8,677,7.5,0,0,0,0,0,0,2,0,0.2,0.2,0.5,0.7,5,22,5,0,0,0,0,0,0.02,0.07,0.1,0.02,0.1
192,Pierre Højbjerg,dk DEN,"MF,DF",Tottenham,28-099,1995,11,2,382,4.2,0,0,0,0,0,0,3,0,0.1,0.1,0,0.2,6,32,9,0,0,0,0,0,0.03,0.01,0.04,0.03,0.04
193,Rasmus Højlund,dk DEN,FW,Manchester Utd,20-281,2003,9,8,647,7.2,0,0,0,0,0,0,0,0,2.4,2.4,0.3,2.8,9,10,47,0,0,0,0,0,0.34,0.05,0.39,0.34,0.39
194,Igor,br BRA,DF,Brighton,25-278,1998,4,3,243,2.7,0,0,0,0,0,0,1,0,0.1,0.1,0.2,0.3,4,11,0,0,0,0,0,0,0.02,0.08,0.1,0.02,0.1
195,Danny Ings,eng ENG,FW,West Ham,31-112,1992,8,0,76,0.8,0,0,0,0,0,0,1,0,0.1,0.1,0,0.1,0,1,7,0,0,0,0,0,0.15,0,0.15,0.15,0.15
196,Alexander Isak,se SWE,FW,Newcastle Utd,24-052,1999,8,6,492,5.5,6,0,6,5,1,1,0,0,5.4,4.6,0.3,4.9,13,10,24,1.1,0,1.1,0.91,0.91,0.99,0.05,1.04,0.84,0.9
197,Alex Iwobi,ng NGA,MF,Everton,27-193,1996,2,2,140,1.6,0,0,0,0,0,0,0,0,0.3,0.3,0.2,0.5,6,4,8,0,0,0,0,0,0.21,0.14,0.35,0.21,0.35
198,Alex Iwobi,ng NGA,"MF,FW",Fulham,27-193,1996,7,3,382,4.2,0,0,0,0,0,0,1,0,0.6,0.6,0.5,1,12,23,17,0,0,0,0,0,0.14,0.11,0.24,0.14,0.24
199,Nicolas Jackson,sn SEN,FW,Chelsea,22-145,2001,10,8,759,8.4,5,0,5,5,0,0,6,0,7.1,7.1,0.6,7.7,21,14,58,0.59,0,0.59,0.59,0.59,0.84,0.07,0.91,0.84,0.91
200,Reece James,eng ENG,DF,Chelsea,23-339,1999,4,2,182,2,0,0,0,0,0,0,0,0,0.1,0.1,0.9,1,11,15,25,0,0,0,0,0,0.07,0.42,0.49,0.07,0.49
201,Vitaly Janelt,de GER,"MF,DF",Brentford,25-186,1998,11,11,882,9.8,0,1,1,0,0,0,2,0,0.6,0.6,1,1.6,7,37,34,0,0.1,0.1,0,0.1,0.06,0.1,0.16,0.06,0.16
202,Mathias Jensen,dk DEN,MF,Brentford,27-315,1996,11,11,834,9.3,3,2,5,3,0,0,2,0,0.4,0.4,1.8,2.2,6,47,32,0.32,0.22,0.54,0.32,0.54,0.04,0.19,0.24,0.04,0.24
203,Gabriel Jesus,br BRA,FW,Arsenal,26-223,1997,7,4,364,4,1,0,1,1,0,0,2,0,1.8,1.8,0.2,2,11,11,27,0.25,0,0.25,0.25,0.25,0.44,0.05,0.49,0.44,0.49
204,Raúl Jiménez,mx MEX,FW,Fulham,32-191,1991,10,8,607,6.7,0,0,0,0,0,0,2,0,1.1,1.1,0.8,1.9,5,6,40,0,0,0,0,0,0.17,0.12,0.28,0.17,0.28
205,João Pedro,br BRA,"MF,FW",Brighton,22-047,2001,11,4,539,6,2,1,3,1,1,1,1,0,2.9,2.1,1.3,3.4,18,20,48,0.33,0.17,0.5,0.17,0.33,0.48,0.22,0.7,0.35,0.57
206,Joelinton,br BRA,"MF,FW",Newcastle Utd,27-090,1996,9,8,637,7.1,0,1,1,0,0,0,1,0,0.8,0.8,1.2,1.9,9,25,27,0,0.14,0.14,0,0.14,0.11,0.17,0.27,0.11,0.27
207,Ryan John Giles,eng ENG,"DF,MF",Luton Town,23-290,2000,6,3,286,3.2,0,0,0,0,0,0,0,0,0.1,0.1,0.2,0.3,5,9,21,0,0,0,0,0,0.02,0.06,0.08,0.02,0.08
208,Brennan Johnson,wls WAL,FW,Tottenham,22-173,2001,6,3,217,2.4,1,1,2,1,0,0,1,0,1,1,0.9,1.9,14,8,33,0.41,0.41,0.83,0.41,0.83,0.41,0.38,0.79,0.41,0.79
209,Brennan Johnson,wls WAL,"FW,MF",Nott'ham Forest,22-173,2001,3,3,237,2.6,0,0,0,0,0,0,0,0,0.3,0.3,0.2,0.5,8,1,14,0,0,0,0,0,0.12,0.08,0.21,0.12,0.21
210,Sam Johnstone,eng ENG,GK,Crystal Palace,30-232,1993,12,12,"1,080",12,0,0,0,0,0,0,0,0,0,0,0,0,0,0,0,0,0,0,0,0,0,0,0,0,0
211,Curtis Jones,eng ENG,MF,Liverpool,22-286,2001,5,4,280,3.1,0,0,0,0,0,0,1,1,0.1,0.1,0,0.1,2,19,24,0,0,0,0,0,0.03,0,0.03,0.03,0.03
212,Jorginho,it ITA,MF,Arsenal,31-327,1991,9,4,384,4.3,0,0,0,0,0,0,1,0,0.1,0.1,0.1,0.2,3,36,2,0,0,0,0,0,0.02,0.02,0.04,0.02,0.04
213,Diogo Jota,pt POR,"FW,MF",Liverpool,26-343,1996,10,6,499,5.5,3,0,3,3,0,0,3,1,2.8,2.8,0.5,3.3,28,9,59,0.54,0,0.54,0.54,0.54,0.5,0.1,0.6,0.5,0.6
214,Mads Juel Andersen,dk DEN,DF,Luton Town,25-320,1997,6,4,372,4.1,1,0,1,1,0,0,1,0,0.3,0.3,0,0.3,0,7,1,0.24,0,0.24,0.24,0.24,0.06,0,0.06,0.06,0.06
215,Hamed Junior Traorè,ci CIV,MF,Bournemouth,23-269,2000,3,0,47,0.5,0,0,0,0,0,0,0,0,0.2,0.2,0,0.2,2,3,4,0,0,0,0,0,0.34,0.07,0.41,0.34,0.41
216,Mathias Jørgensen,dk DEN,DF,Brentford,33-203,1990,1,0,7,0.1,0,0,0,0,0,0,0,0,0,0,0.3,0.3,0,1,1,0,0,0,0,0,0,4.48,4.48,0,4.48
217,Issa Kaboré,bf BFA,"DF,MF",Luton Town,22-184,2001,11,9,779,8.7,0,1,1,0,0,0,4,0,0.2,0.2,1.5,1.8,28,22,31,0,0.12,0.12,0,0.12,0.03,0.18,0.2,0.03,0.2
218,Sasa Kalajdzic,at AUT,FW,Wolves,26-128,1997,8,1,135,1.5,2,0,2,2,0,0,0,0,1.1,1.1,0.9,2,1,5,8,1.33,0,1.33,1.33,1.33,0.7,0.63,1.33,0.7,1.33
219,Boubacar Kamara,fr FRA,MF,Aston Villa,23-354,1999,11,11,921,10.2,0,0,0,0,0,0,4,0,0.1,0.1,0.8,0.8,10,49,3,0,0,0,0,0,0.01,0.08,0.08,0.01,0.08
220,Thomas Kaminski,be BEL,GK,Luton Town,31-020,1992,12,12,"1,080",12,0,0,0,0,0,0,1,0,0,0,0,0,0,0,0,0,0,0,0,0,0,0,0,0,0
221,Michael Keane,eng ENG,DF,Everton,30-305,1993,4,2,226,2.5,0,0,0,0,0,0,1,0,0,0,0,0,2,6,0,0,0,0,0,0,0.02,0,0.02,0.02,0.02
222,Thilo Kehrer,de GER,"DF,MF",West Ham,27-052,1996,3,0,21,0.2,0,0,0,0,0,0,1,0,0,0,0,0,0,0,1,0,0,0,0,0,0,0,0,0,0
223,Lloyd Kelly,eng ENG,DF,Bournemouth,25-037,1998,8,7,637,7.1,0,0,0,0,0,0,1,0,0.1,0.1,0.1,0.2,7,25,5,0,0,0,0,0,0.02,0.01,0.03,0.02,0.03
224,Milos Kerkez,hu HUN,DF,Bournemouth,20-005,2003,11,10,854,9.5,0,0,0,0,0,0,1,0,0.1,0.1,0.1,0.2,17,15,35,0,0,0,0,0,0.01,0.01,0.02,0.01,0.02
225,Max Kilman,eng ENG,DF,Wolves,26-173,1997,12,12,"1,080",12,0,0,0,0,0,0,2,0,0.4,0.4,0.4,0.9,11,38,1,0,0,0,0,0,0.04,0.04,0.07,0.04,0.07
226,Jakub Kiwior,pl POL,DF,Arsenal,23-270,2000,4,2,184,2,0,0,0,0,0,0,0,0,0.4,0.4,0,0.4,0,16,4,0,0,0,0,0,0.21,0,0.21,0.21,0.21
227,Justin Kluivert,nl NED,"FW,MF",Bournemouth,24-191,1999,9,5,410,4.6,0,0,0,0,0,0,0,0,0.4,0.4,0.2,0.6,11,15,28,0,0,0,0,0,0.08,0.05,0.14,0.08,0.14
228,Luca Koleosho,it ITA,"FW,MF",Burnley,19-058,2004,12,10,783,8.7,0,1,1,0,0,0,0,0,1.5,1.5,1.2,2.7,44,16,65,0,0.11,0.11,0,0.11,0.17,0.14,0.31,0.17,0.31
229,Ibrahima Konaté,fr FRA,DF,Liverpool,24-171,1999,8,5,469,5.2,0,0,0,0,0,0,1,0,0.1,0.1,0.2,0.2,8,34,0,0,0,0,0,0,0.01,0.03,0.05,0.01,0.05
230,Ezri Konsa,eng ENG,DF,Aston Villa,26-020,1997,11,11,990,11,0,0,0,0,0,0,1,0,0.7,0.7,0,0.7,5,33,8,0,0,0,0,0,0.06,0,0.06,0.06,0.06
231,Cheikhou Kouyaté,sn SEN,MF,Nott'ham Forest,33-326,1989,7,0,76,0.8,0,0,0,0,0,0,1,0,0.1,0.1,0,0.1,0,2,1,0,0,0,0,0,0.09,0.05,0.14,0.09,0.14
232,Mateo Kovačić,hr CRO,MF,Manchester City,29-190,1994,8,6,551,6.1,0,0,0,0,0,0,2,0,0.6,0.6,0.7,1.3,14,36,17,0,0,0,0,0,0.1,0.12,0.21,0.1,0.21
233,Emil Krafth,se SWE,MF,Newcastle Utd,29-102,1994,1,0,1,0,0,0,0,0,0,0,0,0,0,0,0,0,0,0,0,0,0,0,0,0,0,0,0,0,0
234,Dejan Kulusevski,se SWE,FW,Tottenham,23-201,2000,12,12,"1,040",11.6,3,0,3,3,0,0,1,0,1.2,1.2,2.6,3.8,70,40,137,0.26,0,0.26,0.26,0.26,0.11,0.22,0.33,0.11,0.33
235,Adam Lallana,eng ENG,"MF,FW",Brighton,35-186,1988,6,3,216,2.4,0,0,0,0,0,0,1,0,0,0,0.2,0.2,0,9,18,0,0,0,0,0,0,0.09,0.09,0,0.09
236,Tariq Lamptey,gh GHA,"DF,FW",Brighton,23-043,2000,4,1,139,1.5,0,2,2,0,0,0,2,0,0,0,0.4,0.4,11,6,3,0,1.29,1.29,0,1.29,0.01,0.25,0.26,0.01,0.26
237,Aymeric Laporte,es ESP,DF,Manchester City,29-169,1994,1,0,12,0.1,0,0,0,0,0,0,0,0,0,0,0,0,0,0,0,0,0,0,0,0,0.27,0,0.27,0.27,0.27
238,Yasser Larouci,dz ALG,DF,Sheffield Utd,22-315,2001,5,1,222,2.5,0,0,0,0,0,0,0,0,0.2,0.2,0,0.2,8,5,3,0,0,0,0,0,0.07,0,0.07,0.07,0.07
239,Jamaal Lascelles,eng ENG,DF,Newcastle Utd,30-001,1993,7,6,557,6.2,0,0,0,0,0,0,2,0,0.2,0.2,0,0.2,4,15,1,0,0,0,0,0,0.03,0,0.03,0.03,0.03
240,Mario Lemina,ga GAB,MF,Wolves,30-072,1993,11,11,971,10.8,2,0,2,2,0,0,6,1,2.1,2.1,0.1,2.2,6,28,11,0.19,0,0.19,0.19,0.19,0.2,0.01,0.21,0.2,0.21
241,Bernd Leno,de GER,GK,Fulham,31-253,1992,11,11,990,11,0,0,0,0,0,0,0,0,0,0,0,0,0,0,0,0,0,0,0,0,0,0,0,0,0
242,Jefferson Lerma,co COL,MF,Crystal Palace,29-018,1994,8,8,704,7.8,0,1,1,0,0,0,1,0,0.3,0.3,1.4,1.8,6,25,12,0,0.13,0.13,0,0.13,0.04,0.18,0.23,0.04,0.23
243,Rico Lewis,eng ENG,"DF,MF",Manchester City,18-356,2004,5,2,167,1.9,0,0,0,0,0,0,0,0,0,0,0,0,2,4,7,0,0,0,0,0,0,0,0,0,0
244,Keane Lewis-Potter,eng ENG,FW,Brentford,22-263,2001,6,2,222,2.5,0,0,0,0,0,0,0,0,1,1,0.1,1.1,12,6,31,0,0,0,0,0,0.39,0.05,0.43,0.39,0.43
245,Victor Lindelöf,se SWE,DF,Manchester Utd,29-118,1994,10,8,762,8.5,1,1,2,1,0,0,1,0,0.2,0.2,0.3,0.5,12,27,9,0.12,0.12,0.24,0.12,0.24,0.03,0.03,0.06,0.03,0.06
246,Valentino Livramento,eng ENG,DF,Newcastle Utd,21-000,2002,6,0,139,1.5,0,0,0,0,0,0,1,0,0,0,0.1,0.1,2,4,8,0,0,0,0,0,0,0.04,0.04,0,0.04
247,Giovani Lo Celso,ar ARG,MF,Tottenham,27-217,1996,3,0,41,0.5,0,0,0,0,0,0,0,0,0.1,0.1,0,0.1,3,6,3,0,0,0,0,0,0.18,0.07,0.25,0.18,0.25
248,Tom Lockyer,wls WAL,DF,Luton Town,28-344,1994,11,11,945,10.5,1,1,2,1,0,0,3,0,0.8,0.8,0.6,1.4,6,33,2,0.1,0.1,0.19,0.1,0.19,0.07,0.06,0.13,0.07,0.13
249,Sean Longstaff,eng ENG,MF,Newcastle Utd,26-013,1997,12,8,812,9,2,1,3,2,0,0,4,0,1.5,1.5,0.9,2.4,6,48,32,0.22,0.11,0.33,0.22,0.33,0.16,0.1,0.27,0.16,0.27
250,Max Lowe,eng ENG,"MF,DF",Sheffield Utd,26-185,1997,2,2,124,1.4,0,0,0,0,0,0,0,0,0,0,0,0,0,4,2,0,0,0,0,0,0,0.01,0.01,0,0.01
251,Douglas Luiz,br BRA,MF,Aston Villa,25-187,1998,11,11,933,10.4,5,1,6,2,3,3,4,0,3.2,0.8,0.7,1.6,24,63,23,0.48,0.1,0.58,0.19,0.29,0.31,0.07,0.38,0.08,0.15
252,Saša Lukić,rs SRB,MF,Fulham,27-091,1996,7,4,352,3.9,0,0,0,0,0,0,1,0,0.6,0.6,0.1,0.7,3,13,5,0,0,0,0,0,0.16,0.02,0.19,0.16,0.19
253,Ian Maatsen,nl NED,"FW,MF",Chelsea,21-247,2002,7,0,113,1.3,0,0,0,0,0,0,1,0,0.4,0.4,0.1,0.5,5,5,9,0,0,0,0,0,0.33,0.07,0.41,0.33,0.41
254,Alexis Mac Allister,ar ARG,MF,Liverpool,24-323,1998,11,11,880,9.8,0,1,1,0,0,0,5,1,0.1,0.1,0.4,0.5,14,72,6,0,0.1,0.1,0,0.1,0.01,0.04,0.05,0.01,0.05
255,James Maddison,eng ENG,MF,Tottenham,26-354,1996,11,11,881,9.8,3,5,8,3,0,0,2,0,2.8,2.8,2.8,5.6,29,97,70,0.31,0.51,0.82,0.31,0.82,0.29,0.29,0.58,0.29,0.58
256,Noni Madueke,eng ENG,"FW,MF",Chelsea,21-247,2002,5,1,119,1.3,0,0,0,0,0,0,0,0,0.2,0.2,0.2,0.4,9,4,31,0,0,0,0,0,0.14,0.12,0.27,0.14,0.27
257,Harry Maguire,eng ENG,DF,Manchester Utd,30-252,1993,7,5,478,5.3,0,1,1,0,0,0,0,0,0,0,0.4,0.4,6,28,0,0,0.19,0.19,0,0.19,0.01,0.07,0.07,0.01,0.07
258,Orel Mangala,be BEL,MF,Nott'ham Forest,25-239,1998,10,10,822,9.1,1,0,1,1,0,0,4,0,0.3,0.3,0.2,0.5,3,18,4,0.11,0,0.11,0.11,0.11,0.03,0.02,0.05,0.03,0.05
259,Benson Manuel,be BEL,"MF,FW",Burnley,26-229,1997,3,1,67,0.7,0,0,0,0,0,0,0,0,0,0,0,0,2,0,9,0,0,0,0,0,0.03,0,0.03,0.03,0.03
260,Solly March,eng ENG,"FW,DF",Brighton,29-115,1994,7,7,554,6.2,3,1,4,3,0,0,1,0,2,2,1,2.9,14,24,44,0.49,0.16,0.65,0.49,0.65,0.32,0.16,0.47,0.32,0.47
261,Anthony Martial,fr FRA,"FW,MF",Manchester Utd,27-342,1995,10,2,249,2.8,0,0,0,0,0,0,0,0,0.4,0.4,0.2,0.6,3,7,22,0,0,0,0,0,0.14,0.07,0.2,0.14,0.2
262,Gabriel Martinelli,br BRA,FW,Arsenal,22-147,2001,10,9,721,8,1,2,3,1,0,0,0,0,1.1,1.1,1.5,2.6,42,28,122,0.12,0.25,0.37,0.12,0.37,0.14,0.18,0.32,0.14,0.32
263,Emiliano Martínez,ar ARG,GK,Aston Villa,31-071,1992,10,10,900,10,0,0,0,0,0,0,2,0,0,0,0,0,0,1,0,0,0,0,0,0,0,0,0,0,0
264,Lisandro Martínez,ar ARG,DF,Manchester Utd,25-298,1998,5,5,375,4.2,0,1,1,0,0,0,2,0,0,0,0.1,0.1,6,26,1,0,0.24,0.24,0,0.24,0,0.02,0.02,0,0.02
265,Pape Matar Sarr,sn SEN,MF,Tottenham,21-059,2002,12,11,830,9.2,1,2,3,1,0,0,3,0,1.7,1.7,1.2,2.9,18,67,38,0.11,0.22,0.33,0.11,0.33,0.18,0.13,0.31,0.18,0.31
266,Jean-Philippe Mateta,fr FRA,FW,Crystal Palace,26-137,1997,9,3,387,4.3,0,3,3,0,0,0,1,0,0.4,0.4,1.2,1.6,2,5,24,0,0.7,0.7,0,0.7,0.09,0.28,0.36,0.09,0.36
267,Joël Matip,cm CMR,DF,Liverpool,32-096,1991,7,6,533,5.9,0,0,0,0,0,0,0,0,0.4,0.4,0,0.5,5,24,0,0,0,0,0,0,0.07,0.01,0.08,0.07,0.08
268,Alex Matos,eng ENG,MF,Chelsea,19-040,2004,1,0,1,0,0,0,0,0,0,0,0,0,0,0,0,0,0,0,0,0,0,0,0,0,0,0,0,0,0
269,Neal Maupay,fr FRA,FW,Brentford,27-090,1996,6,2,248,2.8,1,2,3,1,0,0,2,0,1.7,1.7,1.3,3,4,8,19,0.36,0.73,1.09,0.36,1.09,0.62,0.46,1.08,0.62,1.08
270,Neal Maupay,fr FRA,FW,Everton,27-090,1996,2,1,111,1.2,0,0,0,0,0,0,0,0,1.4,1.4,0.1,1.5,1,0,6,0,0,0,0,0,1.16,0.05,1.22,1.16,1.22
271,Konstantinos Mavropanos,gr GRE,DF,West Ham,25-336,1997,2,1,91,1,0,0,0,0,0,0,1,0,0,0,0,0,0,0,0,0,0,0,0,0,0.03,0,0.03,0.03,0.03
272,Bryan Mbeumo,cm CMR,FW,Brentford,24-097,1999,11,11,990,11,6,2,8,4,2,2,1,0,6.6,5.1,2.3,7.4,38,52,106,0.55,0.18,0.73,0.36,0.55,0.6,0.21,0.82,0.46,0.67
273,James Mcatee,eng ENG,MF,Sheffield Utd,21-025,2002,7,5,430,4.8,0,1,1,0,0,0,1,0,0.5,0.5,0.4,0.9,14,12,27,0,0.21,0.21,0,0.21,0.09,0.09,0.18,0.09,0.18
274,James Mcatee,eng ENG,MF,Manchester City,21-025,2002,1,0,1,0,0,0,0,0,0,0,0,0,0,0,0,0,0,0,0,0,0,0,0,0,0,0,0,0,0
275,Oliver McBurnie,sct SCO,FW,Sheffield Utd,27-161,1996,6,5,430,4.8,1,1,2,0,1,1,3,1,1.8,1.1,0.6,1.7,2,10,24,0.21,0.21,0.42,0,0.21,0.39,0.13,0.52,0.22,0.35
276,John McGinn,sct SCO,"MF,FW",Aston Villa,29-025,1994,11,11,927,10.3,2,2,4,2,0,0,2,0,1.4,1.4,1.5,2.9,13,62,35,0.19,0.19,0.39,0.19,0.39,0.13,0.15,0.28,0.13,0.28
277,Scott McKenna,sct SCO,DF,Nott'ham Forest,27-000,1996,5,5,416,4.6,0,0,0,0,0,0,0,0,0.2,0.2,0.2,0.4,1,10,0,0,0,0,0,0,0.05,0.04,0.08,0.05,0.08
278,Dwight McNeil,eng ENG,"MF,FW",Everton,23-355,1999,9,8,681,7.6,0,1,1,0,0,0,0,0,0.8,0.8,2.1,2.9,25,18,33,0,0.13,0.13,0,0.13,0.1,0.28,0.38,0.1,0.38
279,Scott McTominay,sct SCO,MF,Manchester Utd,26-339,1996,9,6,519,5.8,3,0,3,3,0,0,0,0,1,1,0,1,5,17,11,0.52,0,0.52,0.52,0.52,0.17,0.01,0.18,0.17,0.18
280,Ben Mee,eng ENG,DF,Brentford,34-052,1989,3,2,152,1.7,0,0,0,0,0,0,0,0,0,0,0.1,0.1,1,6,1,0,0,0,0,0,0,0.07,0.07,0,0.07
281,Hannibal Mejbri,tn TUN,MF,Manchester Utd,20-295,2003,2,1,117,1.3,1,0,1,1,0,0,1,0,0,0,0.4,0.4,2,6,8,0.77,0,0.77,0.77,0.77,0.02,0.29,0.31,0.02,0.31
282,Teden Mengi,eng ENG,DF,Luton Town,21-196,2002,7,5,517,5.7,0,0,0,0,0,0,0,0,0.1,0.1,0,0.1,2,11,0,0,0,0,0,0,0.02,0,0.02,0.02,0.02
283,Chris Mepham,wls WAL,DF,Bournemouth,26-007,1997,4,2,170,1.9,0,0,0,0,0,0,1,0,0.1,0.1,0,0.1,1,4,0,0,0,0,0,0,0.05,0.01,0.06,0.05,0.06
284,Lewis Miley,eng ENG,MF,Newcastle Utd,17-195,2006,1,1,65,0.7,0,0,0,0,0,0,0,0,0,0,0,0,0,2,0,0,0,0,0,0,0,0,0,0,0
285,James Milner,eng ENG,"DF,MF",Brighton,37-312,1986,7,5,352,3.9,0,0,0,0,0,0,2,0,0,0,0.3,0.3,3,28,23,0,0,0,0,0,0,0.07,0.07,0,0.07
286,Tyrone Mings,eng ENG,DF,Aston Villa,30-244,1993,1,1,30,0.3,0,0,0,0,0,0,0,0,0,0,0,0,0,0,0,0,0,0,0,0,0.02,0.07,0.09,0.02,0.09
287,Tyrick Mitchell,eng ENG,DF,Crystal Palace,24-072,1999,12,12,"1,059",11.8,1,1,2,1,0,0,2,0,0.5,0.5,0.7,1.2,9,34,58,0.08,0.08,0.17,0.08,0.17,0.04,0.06,0.1,0.04,0.1
288,Kaoru Mitoma,jp JPN,"FW,MF",Brighton,26-176,1997,11,10,935,10.4,3,3,6,3,0,0,3,0,2.6,2.6,1.7,4.3,71,29,122,0.29,0.29,0.58,0.29,0.58,0.25,0.16,0.41,0.25,0.41
289,Aleksandar Mitrović,rs SRB,FW,Fulham,29-057,1994,1,0,33,0.4,0,0,0,0,0,0,0,0,0.2,0.2,0,0.2,0,1,0,0,0,0,0,0,0.44,0,0.44,0.44,0.44
290,Kudus Mohammed,gh GHA,"MF,FW",West Ham,23-102,2000,8,2,280,3.1,2,0,2,2,0,0,1,0,0.7,0.7,0.1,0.8,12,14,23,0.64,0,0.64,0.64,0.64,0.21,0.04,0.25,0.21,0.25
291,Gonzalo Montiel,ar ARG,DF,Nott'ham Forest,26-315,1997,4,1,168,1.9,0,0,0,0,0,0,2,0,0.1,0.1,0.1,0.2,4,9,7,0,0,0,0,0,0.05,0.06,0.11,0.05,0.11
292,Kieffer Moore,wls WAL,"FW,MF",Bournemouth,31-096,1992,5,0,88,1,0,0,0,0,0,0,0,0,0.5,0.5,0.2,0.7,1,3,13,0,0,0,0,0,0.5,0.22,0.72,0.5,0.72
293,Carlton Morris,eng ENG,FW,Luton Town,27-331,1995,12,12,"1,009",11.2,3,1,4,1,2,2,1,0,3.8,2.3,0.5,2.7,9,30,59,0.27,0.09,0.36,0.09,0.18,0.34,0.04,0.38,0.2,0.24
294,Mason Mount,eng ENG,MF,Manchester Utd,24-306,1999,8,4,400,4.4,0,0,0,0,0,0,1,0,0.2,0.2,0.2,0.4,6,15,26,0,0,0,0,0,0.05,0.04,0.09,0.05,0.09
295,Mykhailo Mudryk,ua UKR,FW,Chelsea,22-311,2001,9,4,342,3.8,2,0,2,2,0,0,2,0,0.7,0.7,1.1,1.8,21,6,27,0.53,0,0.53,0.53,0.53,0.19,0.28,0.48,0.19,0.48
296,Rodrigo Muniz,br BRA,FW,Fulham,22-192,2001,5,1,136,1.5,0,0,0,0,0,0,1,0,0.4,0.4,0.3,0.7,0,1,2,0,0,0,0,0,0.25,0.19,0.44,0.25,0.44
297,Murillo,br BRA,DF,Nott'ham Forest,21-131,2002,5,5,450,5,0,0,0,0,0,0,1,0,0.6,0.6,0.1,0.7,7,14,0,0,0,0,0,0,0.11,0.03,0.14,0.11,0.14
298,Jacob Murphy,eng ENG,FW,Newcastle Utd,28-261,1995,5,1,121,1.3,1,3,4,1,0,0,0,0,0.1,0.1,1.4,1.5,6,10,13,0.74,2.23,2.98,0.74,2.98,0.07,1.05,1.12,0.07,1.12
299,Vitaliy Mykolenko,ua UKR,DF,Everton,24-167,1999,8,8,717,8,2,0,2,2,0,0,1,0,1,1,0.3,1.2,3,12,15,0.25,0,0.25,0.25,0.25,0.12,0.03,0.15,0.12,0.15
300,Marvelous Nakamba,zw ZIM,MF,Luton Town,29-297,1994,12,12,"1,060",11.8,0,0,0,0,0,0,4,0,0.2,0.2,0.4,0.6,1,34,4,0,0,0,0,0,0.02,0.03,0.05,0.02,0.05
301,Reiss Nelson,eng ENG,"FW,MF",Arsenal,23-337,1999,5,0,65,0.7,0,0,0,0,0,0,0,0,0,0,0.5,0.5,2,0,6,0,0,0,0,0,0.03,0.65,0.68,0.03,0.68
302,Neto,br BRA,GK,Bournemouth,34-116,1989,10,10,900,10,0,0,0,0,0,0,3,0,0,0,0,0,0,0,0,0,0,0,0,0,0,0,0,0,0
303,Pedro Neto,pt POR,"MF,FW",Wolves,23-248,2000,10,10,886,9.8,1,7,8,1,0,0,3,0,2.3,2.3,2.7,5.1,51,31,81,0.1,0.71,0.81,0.1,0.81,0.24,0.28,0.51,0.24,0.51
304,Moussa Niakhate,sn SEN,DF,Nott'ham Forest,27-249,1996,6,4,360,4,0,0,0,0,0,0,2,1,0,0,0,0,1,10,2,0,0,0,0,0,0,0,0,0,0
305,Eddie Nketiah,eng ENG,FW,Arsenal,24-166,1999,12,9,769,8.5,5,0,5,5,0,0,2,0,3.1,3.1,0.2,3.3,13,11,45,0.59,0,0.59,0.59,0.59,0.36,0.02,0.38,0.36,0.38
306,Oliver Norwood,nir NIR,MF,Sheffield Utd,32-214,1991,10,9,791,8.8,1,0,1,0,1,1,3,0,1,0.2,0.4,0.6,0,35,5,0.11,0,0.11,0,0,0.11,0.05,0.16,0.02,0.07
307,Matheus Nunes,pt POR,MF,Wolves,25-077,1998,2,2,179,2,0,0,0,0,0,0,2,1,0.1,0.1,0.1,0.2,7,8,9,0,0,0,0,0,0.04,0.05,0.09,0.04,0.09
308,Matheus Nunes,pt POR,MF,Manchester City,25-077,1998,5,2,202,2.2,0,1,1,0,0,0,0,0,0,0,0.1,0.1,5,9,15,0,0.45,0.45,0,0.45,0,0.06,0.06,0,0.06
309,Darwin Núñez,uy URU,FW,Liverpool,24-141,1999,10,5,511,5.7,4,3,7,4,0,0,1,0,4.8,4.8,1.5,6.3,14,19,49,0.7,0.53,1.23,0.7,1.23,0.85,0.26,1.11,0.85,1.11
310,Christian Nørgaard,dk DEN,MF,Brentford,29-247,1994,11,11,940,10.4,1,1,2,1,0,0,3,0,1.7,1.7,0.9,2.6,2,67,20,0.1,0.1,0.19,0.1,0.19,0.16,0.09,0.25,0.16,0.25
311,Dara O'Shea,ie IRL,DF,Burnley,24-253,1999,8,7,675,7.5,0,1,1,0,0,0,0,0,0.2,0.2,0.1,0.2,7,28,2,0,0.13,0.13,0,0.13,0.02,0.01,0.03,0.02,0.03
312,Michael Obafemi,ie IRL,MF,Burnley,23-129,2000,1,0,6,0.1,0,0,0,0,0,0,0,0,0.1,0.1,0,0.1,0,0,1,0,0,0,0,0,0.78,0,0.78,0.78,0.78
313,Wilson Odobert,fr FRA,"FW,MF",Burnley,18-349,2004,5,2,163,1.8,1,0,1,1,0,0,1,0,0.3,0.3,0.5,0.8,11,2,15,0.55,0,0.55,0.55,0.55,0.15,0.28,0.43,0.15,0.43
314,Chiedozie Ogbene,ie IRL,"MF,FW",Luton Town,26-195,1997,12,8,762,8.5,1,0,1,1,0,0,0,0,0.9,0.9,0.9,1.8,50,14,57,0.12,0,0.12,0.12,0.12,0.1,0.11,0.21,0.1,0.21
315,Angelo Ogbonna,it ITA,DF,West Ham,35-173,1988,2,1,112,1.2,0,0,0,0,0,0,0,0,0,0,0,0,0,1,0,0,0,0,0,0,0,0,0,0,0
316,Michael Olakigbe,eng ENG,"FW,MF",Brentford,19-201,2004,4,0,16,0.2,0,0,0,0,0,0,0,0,0.1,0.1,0,0.1,6,3,10,0,0,0,0,0,0.57,0,0.57,0.57,0.57
317,Michael Olise,fr FRA,FW,Crystal Palace,21-335,2001,1,0,24,0.3,0,0,0,0,0,0,0,0,0,0,0,0,1,2,5,0,0,0,0,0,0.08,0,0.08,0.08,0.08
318,Robin Olsen,se SWE,GK,Aston Villa,33-308,1990,1,1,90,1,0,0,0,0,0,0,0,0,0,0,0,0,0,0,0,0,0,0,0,0,0,0,0,0,0
319,Amadou Onana,be BEL,MF,Everton,22-088,2001,11,11,920,10.2,0,0,0,0,0,0,1,0,1.1,1.1,2.3,3.4,9,51,25,0,0,0,0,0,0.11,0.22,0.33,0.11,0.33
320,André Onana,cm CMR,GK,Manchester Utd,27-224,1996,12,12,"1,080",12,0,0,0,0,0,0,3,0,0,0,0,0,1,1,0,0,0,0,0,0,0,0,0,0,0
321,Ryan One,sct SCO,FW,Sheffield Utd,17-139,2006,1,0,8,0.1,0,0,0,0,0,0,0,0,0,0,0,0,1,0,0,0,0,0,0,0,0,0,0,0,0
322,Tyler Onyango,eng ENG,MF,Everton,20-253,2003,1,0,1,0,0,0,0,0,0,0,0,0,0,0,0,0,0,0,0,0,0,0,0,0,0,0,0,0,0
323,Frank Onyeka,ng NGA,MF,Brentford,25-315,1998,9,2,332,3.7,0,1,1,0,0,0,3,0,0.7,0.7,1.3,2,5,14,24,0,0.27,0.27,0,0.27,0.19,0.35,0.54,0.19,0.54
324,Divock Origi,be BEL,"FW,MF",Nott'ham Forest,28-208,1995,4,0,62,0.7,0,0,0,0,0,0,1,0,0.1,0.1,0.2,0.3,1,0,2,0,0,0,0,0,0.09,0.33,0.42,0.09,0.42
325,Stefan Ortega,de GER,GK,Manchester City,31-006,1992,1,1,90,1,0,0,0,0,0,0,0,0,0,0,0,0,0,0,0,0,0,0,0,0,0,0,0,0,0
326,Ben Osborn,eng ENG,"DF,FW",Sheffield Utd,29-099,1994,6,3,238,2.6,0,0,0,0,0,0,2,0,0.1,0.1,0.1,0.2,2,8,11,0,0,0,0,0,0.05,0.03,0.08,0.05,0.08
327,Gabriel Osho,eng ENG,DF,Luton Town,25-090,1998,3,3,236,2.6,0,0,0,0,0,0,0,0,0,0,0,0,0,3,0,0,0,0,0,0,0,0,0,0,0
328,William Osula,dk DEN,FW,Sheffield Utd,20-100,2003,3,3,233,2.6,0,0,0,0,0,0,2,0,0.3,0.3,0,0.3,2,0,9,0,0,0,0,0,0.11,0,0.11,0.11,0.11
329,Dango Ouattara,bf BFA,FW,Bournemouth,21-274,2002,7,2,226,2.5,0,0,0,0,0,0,1,0,0.5,0.5,0.3,0.8,5,3,18,0,0,0,0,0,0.21,0.11,0.32,0.21,0.32
330,David Ozoh,eng ENG,MF,Crystal Palace,18-165,2005,1,0,4,0,0,0,0,0,0,0,0,0,0,0,0,0,0,0,0,0,0,0,0,0,0,0,0,0,0
331,João Palhinha,pt POR,MF,Fulham,28-126,1995,9,8,735,8.2,2,0,2,2,0,0,4,0,0.7,0.7,0,0.8,2,27,4,0.24,0,0.24,0.24,0.24,0.09,0.01,0.1,0.09,0.1
332,Cole Palmer,eng ENG,MF,Manchester City,21-190,2002,1,0,11,0.1,0,0,0,0,0,0,0,0,0,0,0,0,0,0,0,0,0,0,0,0,0,0,0,0,0
333,Cole Palmer,eng ENG,"FW,MF",Chelsea,21-190,2002,8,5,505,5.6,3,2,5,0,3,3,2,0,3.6,1.2,2.9,4.2,21,45,32,0.53,0.36,0.89,0,0.36,0.64,0.53,1.17,0.22,0.74
334,Emerson Palmieri,it ITA,DF,West Ham,29-101,1994,10,10,900,10,0,1,1,0,0,0,6,0,0.1,0.1,1.7,1.8,17,35,32,0,0.1,0.1,0,0.1,0.01,0.17,0.18,0.01,0.18
335,Lucas Paquetá,br BRA,"FW,MF",West Ham,26-077,1997,10,10,882,9.8,1,1,2,0,1,1,5,0,2,1.2,1.6,2.8,13,62,32,0.1,0.1,0.2,0,0.1,0.2,0.17,0.37,0.12,0.29
336,Ben Parkinson,eng ENG,FW,Newcastle Utd,18-247,2005,1,0,25,0.3,0,0,0,0,0,0,0,0,0,0,0,0,0,0,0,0,0,0,0,0,0,0,0,0,0
337,Thomas Partey,gh GHA,"DF,MF",Arsenal,30-152,1993,4,3,251,2.8,0,0,0,0,0,0,0,0,0.1,0.1,0.1,0.2,10,33,4,0,0,0,0,0,0.03,0.04,0.06,0.03,0.06
338,Nathan Patterson,sct SCO,DF,Everton,22-027,2001,11,5,527,5.9,0,1,1,0,0,0,1,0,0.3,0.3,1.1,1.4,12,20,21,0,0.17,0.17,0,0.17,0.06,0.18,0.24,0.06,0.24
339,Facundo Pellistri,uy URU,"FW,MF",Manchester Utd,21-327,2001,5,1,114,1.3,0,1,1,0,0,0,0,0,0.5,0.5,0.1,0.6,4,3,21,0,0.79,0.79,0,0.79,0.38,0.07,0.46,0.38,0.46
340,Andreas Pereira,br BRA,MF,Fulham,27-315,1996,11,9,708,7.9,1,1,2,1,0,0,2,0,0.9,0.9,1.5,2.4,12,21,31,0.13,0.13,0.25,0.13,0.25,0.11,0.2,0.31,0.11,0.31
341,Ivan Perišić,hr CRO,FW,Tottenham,34-283,1989,5,0,103,1.1,0,1,1,0,0,0,2,0,0.1,0.1,0.9,1,15,9,17,0,0.87,0.87,0,0.87,0.1,0.75,0.85,0.1,0.85
342,Kalvin Phillips,eng ENG,MF,Manchester City,27-345,1995,4,0,93,1,0,0,0,0,0,0,0,0,0.1,0.1,0,0.1,7,7,3,0,0,0,0,0,0.07,0,0.07,0.07,0.07
343,Jaden Philogene Bidace,eng ENG,FW,Aston Villa,21-277,2002,1,0,4,0,0,0,0,0,0,0,0,0,0,0,0,0,2,0,1,0,0,0,0,0,0,0,0,0,0
344,Jordan Pickford,eng ENG,GK,Everton,29-250,1994,12,12,"1,080",12,0,0,0,0,0,0,2,0,0,0,0.1,0.1,0,0,0,0,0,0,0,0,0,0.01,0.01,0,0.01
345,Ethan Pinnock,jm JAM,DF,Brentford,30-167,1993,11,11,990,11,1,0,1,1,0,0,0,0,1,1,0.9,1.9,6,34,6,0.09,0,0.09,0.09,0.09,0.09,0.08,0.18,0.09,0.18
346,Nick Pope,eng ENG,GK,Newcastle Utd,31-207,1992,12,12,"1,080",12,0,0,0,0,0,0,0,0,0,0,0,0,0,0,0,0,0,0,0,0,0,0,0,0,0
347,Pedro Porro,es ESP,DF,Tottenham,24-060,1999,11,11,986,11,0,2,2,0,0,0,1,0,0.9,0.9,2.3,3.2,12,57,44,0,0.18,0.18,0,0.18,0.08,0.21,0.29,0.08,0.29
348,Jarrell Quansah,eng ENG,DF,Liverpool,20-287,2003,3,1,116,1.3,0,0,0,0,0,0,0,0,0,0,0,0,2,5,0,0,0,0,0,0,0,0,0,0,0
349,Ionuț Radu,ro ROU,GK,Bournemouth,26-168,1997,2,2,180,2,0,0,0,0,0,0,0,0,0,0,0,0,0,0,0,0,0,0,0,0,0,0,0,0,0
350,Jesuran Rak Sakyi,eng ENG,"MF,FW",Crystal Palace,21-038,2002,6,0,136,1.5,0,0,0,0,0,0,0,0,0.4,0.4,0.2,0.6,7,2,18,0,0,0,0,0,0.28,0.1,0.38,0.28,0.38
351,Aaron Ramsdale,eng ENG,GK,Arsenal,25-182,1998,4,4,360,4,0,0,0,0,0,0,0,0,0,0,0,0,0,2,0,0,0,0,0,0,0,0,0,0,0
352,Aaron Ramsey,eng ENG,"FW,MF",Burnley,20-295,2003,6,2,218,2.4,0,0,0,0,0,0,0,0,0.1,0.1,0.4,0.5,6,4,6,0,0,0,0,0,0.02,0.16,0.19,0.02,0.19
353,Jacob Ramsey,eng ENG,"FW,MF",Aston Villa,22-168,2001,2,0,50,0.6,1,0,1,1,0,0,0,0,0.2,0.2,0,0.2,4,2,0,1.8,0,1.8,1.8,1.8,0.34,0,0.34,0.34,0.34
354,Marcus Rashford,eng ENG,FW,Manchester Utd,26-012,1997,11,11,931,10.3,1,1,2,1,0,0,1,0,3.9,3.9,1.3,5.2,44,31,99,0.1,0.1,0.19,0.1,0.19,0.38,0.12,0.5,0.38,0.5
355,David Raya,es ESP,GK,Arsenal,28-058,1995,8,8,720,8,0,0,0,0,0,0,0,0,0,0,0,0,0,0,0,0,0,0,0,0,0,0,0,0,0
356,Tim Ream,us USA,DF,Fulham,36-038,1987,10,10,873,9.7,1,0,1,1,0,0,3,1,1,1,0,1,10,48,2,0.1,0,0.1,0.1,0.1,0.1,0,0.1,0.1,0.1
357,Nathan Redmond,eng ENG,"MF,FW",Burnley,29-251,1994,6,0,93,1,0,0,0,0,0,0,0,0,0,0,0.2,0.2,3,1,14,0,0,0,0,0,0,0.23,0.23,0,0.23
358,Harrison Reed,eng ENG,MF,Fulham,28-289,1995,10,7,570,6.3,0,1,1,0,0,0,1,0,0,0,0.7,0.7,3,17,24,0,0.16,0.16,0,0.16,0,0.1,0.11,0,0.11
359,Sergio Reguilón,es ESP,DF,Manchester Utd,26-331,1996,4,3,258,2.9,0,0,0,0,0,0,1,0,0,0,0.3,0.4,4,13,20,0,0,0,0,0,0.01,0.12,0.12,0.01,0.12
360,Bobby Reid,jm JAM,FW,Fulham,30-283,1993,10,7,564,6.3,2,0,2,2,0,0,1,0,2.6,2.6,0.1,2.7,16,15,29,0.32,0,0.32,0.32,0.32,0.41,0.02,0.44,0.41,0.44
361,Declan Rice,eng ENG,MF,Arsenal,24-302,1999,12,12,"1,022",11.4,2,1,3,2,0,0,0,0,0.9,0.9,1.8,2.7,16,79,23,0.18,0.09,0.26,0.18,0.26,0.08,0.16,0.24,0.08,0.24
362,Chris Richards,us USA,"DF,MF",Crystal Palace,23-229,2000,4,1,114,1.3,0,0,0,0,0,0,0,0,0,0,0,0,0,0,0,0,0,0,0,0,0,0,0,0,0
363,Richarlison,br BRA,FW,Tottenham,26-186,1997,10,7,538,6,1,3,4,1,0,0,2,0,2.7,2.7,1.1,3.8,10,18,56,0.17,0.5,0.67,0.17,0.67,0.46,0.18,0.64,0.46,0.64
364,Jaïro Riedewald,nl NED,"MF,FW",Crystal Palace,27-064,1996,2,1,87,1,0,0,0,0,0,0,0,0,0,0,0,0,1,3,0,0,0,0,0,0,0,0,0,0,0
365,Matt Ritchie,sct SCO,FW,Newcastle Utd,34-063,1989,2,0,72,0.8,0,0,0,0,0,0,0,0,0.1,0.1,0,0.1,0,3,3,0,0,0,0,0,0.09,0,0.09,0.09,0.09
366,Connor Roberts,wls WAL,DF,Burnley,28-050,1995,9,8,734,8.2,0,1,1,0,0,0,4,1,0,0,0.2,0.2,6,37,10,0,0.12,0.12,0,0.12,0,0.02,0.02,0,0.02
367,Andrew Robertson,sct SCO,DF,Liverpool,29-246,1994,8,8,720,8,1,0,1,1,0,0,1,0,0.5,0.5,1,1.5,19,49,30,0.12,0,0.12,0.12,0.12,0.06,0.13,0.19,0.06,0.19
368,Antonee Robinson,us USA,DF,Fulham,26-096,1997,10,10,900,10,0,0,0,0,0,0,3,0,0.1,0.1,0.7,0.8,28,35,37,0,0,0,0,0,0.01,0.07,0.08,0.01,0.08
369,Jack Robinson,eng ENG,DF,Sheffield Utd,30-072,1993,11,10,945,10.5,0,1,1,0,0,0,2,0,0.5,0.5,0.2,0.7,1,20,4,0,0.1,0.1,0,0.1,0.05,0.02,0.07,0.05,0.07
370,Rodri,es ESP,MF,Manchester City,27-143,1996,9,9,730,8.1,2,2,4,2,0,0,3,1,1.1,1.1,1,2.2,20,85,15,0.25,0.25,0.49,0.25,0.49,0.14,0.12,0.27,0.14,0.27
371,Jay Rodriguez,eng ENG,FW,Burnley,34-106,1989,7,2,297,3.3,0,0,0,0,0,0,0,0,1,1,0,1.1,0,3,10,0,0,0,0,0,0.31,0.01,0.32,0.31,0.32
372,Mads Roerslev,dk DEN,DF,Brentford,24-141,1999,9,3,350,3.9,0,0,0,0,0,0,0,0,0,0,0.2,0.3,9,12,21,0,0,0,0,0,0.01,0.06,0.07,0.01,0.07
373,Cristian Romero,ar ARG,DF,Tottenham,25-199,1998,11,11,855,9.5,2,0,2,2,0,0,2,1,0.9,0.9,0.2,1.1,11,60,3,0.21,0,0.21,0.21,0.21,0.09,0.02,0.12,0.09,0.12
374,Joe Rothwell,eng ENG,MF,Bournemouth,28-305,1995,9,3,362,4,0,0,0,0,0,0,0,0,0.1,0.1,0.2,0.3,6,19,3,0,0,0,0,0,0.02,0.06,0.08,0.02,0.08
375,Pelly Ruddock Mpanzu,cd COD,MF,Luton Town,30-118,1993,11,5,509,5.7,0,0,0,0,0,0,0,0,0.5,0.5,0.4,0.8,6,23,8,0,0,0,0,0,0.08,0.07,0.15,0.08,0.15
376,José Sá,pt POR,GK,Wolves,30-299,1993,12,12,"1,080",12,0,0,0,0,0,0,1,0,0,0,0,0,0,0,0,0,0,0,0,0,0,0,0,0,0
377,Bukayo Saka,eng ENG,FW,Arsenal,22-068,2001,11,11,944,10.5,4,4,8,2,2,2,1,0,4.2,2.7,2.9,5.6,49,34,137,0.38,0.38,0.76,0.19,0.57,0.4,0.28,0.68,0.25,0.53
378,Mohamed Salah,eg EGY,FW,Liverpool,31-150,1992,11,11,953,10.6,8,4,12,5,3,4,1,0,8,4.7,5.1,9.9,36,49,110,0.76,0.38,1.13,0.47,0.85,0.76,0.49,1.24,0.45,0.93
379,William Saliba,fr FRA,DF,Arsenal,22-233,2001,12,12,"1,080",12,1,1,2,1,0,0,0,0,0.7,0.7,0.1,0.8,4,56,2,0.08,0.08,0.17,0.08,0.17,0.06,0.01,0.07,0.06,0.07
380,Albert Sambi Lokonga,be BEL,MF,Luton Town,24-021,1999,2,2,129,1.4,0,0,0,0,0,0,0,0,0.1,0.1,0.1,0.1,0,4,2,0,0,0,0,0,0.04,0.04,0.08,0.04,0.08
381,Davinson Sánchez,co COL,DF,Tottenham,27-153,1996,1,0,77,0.9,0,0,0,0,0,0,1,0,0.1,0.1,0,0.1,0,2,0,0,0,0,0,0,0.14,0,0.14,0.14,0.14
382,Robert Sánchez,es ESP,GK,Chelsea,25-359,1997,11,11,990,11,0,0,0,0,0,0,1,0,0,0,0,0,0,1,0,0,0,0,0,0,0,0,0,0,0
383,Jadon Sancho,eng ENG,"FW,MF",Manchester Utd,23-232,2000,3,0,79,0.9,0,0,0,0,0,0,0,0,0,0,0.1,0.1,10,4,5,0,0,0,0,0,0,0.06,0.06,0,0.06
384,Ibrahim Sangaré,ci CIV,MF,Nott'ham Forest,25-345,1997,7,7,553,6.1,0,0,0,0,0,0,4,0,0.6,0.6,0.1,0.7,3,18,3,0,0,0,0,0,0.1,0.02,0.11,0.1,0.11
385,Andrey Santos,br BRA,MF,Nott'ham Forest,19-193,2004,1,0,8,0.1,0,0,0,0,0,0,0,0,0.1,0.1,0,0.1,0,0,0,0,0,0,0,0,0.64,0,0.64,0.64,0.64
386,Pablo Sarabia,es ESP,"FW,MF",Wolves,31-185,1992,6,2,193,2.1,1,2,3,1,0,0,1,0,0.7,0.7,2.1,2.8,4,10,20,0.47,0.93,1.4,0.47,1.4,0.32,1,1.32,0.32,1.32
387,Kevin Schade,de GER,"FW,MF",Brentford,21-350,2001,5,3,257,2.9,1,0,1,1,0,0,0,0,0.7,0.7,0.4,1.1,3,9,18,0.35,0,0.35,0.35,0.35,0.25,0.15,0.4,0.25,0.4
388,Fabian Schär,ch SUI,DF,Newcastle Utd,31-327,1991,12,12,"1,080",12,0,0,0,0,0,0,2,0,0.6,0.6,0,0.7,4,37,5,0,0,0,0,0,0.05,0,0.06,0.05,0.06
389,Jeffrey Schlupp,gh GHA,"FW,MF",Crystal Palace,30-324,1992,11,11,758,8.4,1,0,1,1,0,0,0,0,1.3,1.3,0.7,2,9,16,25,0.12,0,0.12,0.12,0.12,0.15,0.09,0.24,0.15,0.24
390,Alex Scott,eng ENG,MF,Bournemouth,20-083,2003,3,3,189,2.1,0,0,0,0,0,0,1,0,0.1,0.1,0.1,0.2,5,7,2,0,0,0,0,0,0.03,0.04,0.07,0.03,0.07
391,Nélson Semedo,pt POR,"DF,MF",Wolves,29-361,1993,11,11,959,10.7,0,0,0,0,0,0,4,0,0.7,0.7,0.2,0.8,28,39,49,0,0,0,0,0,0.06,0.02,0.08,0.06,0.08
392,Antoine Semenyo,gh GHA,"FW,MF",Bournemouth,23-309,2000,9,5,425,4.7,2,0,2,2,0,0,1,0,1.1,1.1,0.7,1.8,16,10,30,0.42,0,0.42,0.42,0.42,0.22,0.15,0.38,0.22,0.38
393,Marcos Senesi,ar ARG,DF,Bournemouth,26-186,1997,10,6,578,6.4,0,1,1,0,0,0,2,0,0,0,0.2,0.2,11,28,0,0,0.16,0.16,0,0.16,0,0.03,0.03,0,0.03
394,Luke Shaw,eng ENG,DF,Manchester Utd,28-123,1995,2,2,180,2,0,0,0,0,0,0,1,0,0,0,0.7,0.7,1,11,8,0,0,0,0,0,0,0.36,0.36,0,0.36
395,Bernardo Silva,pt POR,"MF,FW",Manchester City,29-094,1994,8,7,638,7.1,3,2,5,3,0,0,2,0,0.9,0.9,2.1,3,37,45,55,0.42,0.28,0.71,0.42,0.71,0.12,0.3,0.42,0.12,0.42
396,Fábio Silva,pt POR,FW,Wolves,21-116,2002,8,3,264,2.9,0,0,0,0,0,0,2,0,1,1,0.2,1.2,5,10,13,0,0,0,0,0,0.35,0.07,0.42,0.35,0.42
397,Thiago Silva,br BRA,DF,Chelsea,39-051,1984,11,11,990,11,0,0,0,0,0,0,2,0,0.2,0.2,0.3,0.5,1,41,2,0,0,0,0,0,0.02,0.03,0.04,0.02,0.04
398,Luis Sinisterra,co COL,"MF,FW",Bournemouth,24-148,1999,5,0,126,1.4,1,0,1,1,0,0,0,0,1,1,0.3,1.3,6,6,10,0.71,0,0.71,0.71,0.71,0.72,0.21,0.93,0.72,0.93
399,Oliver Skipp,eng ENG,MF,Tottenham,23-057,2000,7,1,179,2,0,0,0,0,0,0,1,0,0,0,0.1,0.1,0,8,7,0,0,0,0,0,0,0.07,0.07,0,0.07
400,Adam Smith,eng ENG,DF,Bournemouth,32-197,1991,4,1,122,1.4,0,0,0,0,0,0,0,0,0,0,0,0,1,10,2,0,0,0,0,0,0,0.03,0.03,0,0.03
401,Emile Smith Rowe,eng ENG,MF,Arsenal,23-107,2000,4,1,107,1.2,0,1,1,0,0,0,0,0,0.8,0.8,0.1,0.9,1,5,5,0,0.84,0.84,0,0.84,0.71,0.05,0.76,0.71,0.76
402,Dominic Solanke,eng ENG,FW,Bournemouth,26-059,1997,12,12,"1,068",11.9,6,1,7,6,0,0,1,0,5.4,5.4,1,6.4,17,17,57,0.51,0.08,0.59,0.51,0.59,0.46,0.08,0.54,0.46,0.54
403,Manor Solomon,il ISR,FW,Tottenham,24-111,1999,5,2,199,2.2,0,2,2,0,0,0,1,0,0.4,0.4,0.8,1.2,17,11,44,0,0.9,0.9,0,0.9,0.19,0.38,0.56,0.19,0.56
404,Tomáš Souček,cz CZE,MF,West Ham,28-258,1995,10,9,716,8,2,1,3,2,0,0,2,0,2.6,2.6,0.6,3.2,3,21,7,0.25,0.13,0.38,0.25,0.38,0.33,0.08,0.4,0.33,0.4
405,Vinicius Souza,br BRA,MF,Sheffield Utd,24-148,1999,11,10,878,9.8,0,0,0,0,0,0,2,0,0.2,0.2,0,0.2,4,28,11,0,0,0,0,0,0.02,0,0.02,0.02,0.02
406,Jason Steele,eng ENG,GK,Brighton,33-086,1990,6,6,540,6,0,0,0,0,0,0,0,0,0,0,0,0,0,0,0,0,0,0,0,0,0,0,0,0,0
407,Raheem Sterling,eng ENG,"FW,MF",Chelsea,28-339,1994,11,10,899,10,3,1,4,3,0,0,2,0,2.6,2.6,2.2,4.8,66,30,122,0.3,0.1,0.4,0.3,0.4,0.26,0.22,0.48,0.26,0.48
408,John Stones,eng ENG,"DF,MF",Manchester City,29-168,1994,4,3,257,2.9,0,0,0,0,0,0,0,0,0,0,0.1,0.1,2,7,5,0,0,0,0,0,0,0.05,0.05,0,0.05
409,Thomas Strakosha,al ALB,GK,Brentford,28-238,1995,2,1,135,1.5,0,0,0,0,0,0,0,0,0,0,0,0,0,0,0,0,0,0,0,0,0,0,0,0,0
410,Dominik Szoboszlai,hu HUN,MF,Liverpool,23-018,2000,11,11,965,10.7,1,2,3,1,0,0,1,0,0.8,0.8,3.6,4.3,29,78,70,0.09,0.19,0.28,0.09,0.28,0.07,0.33,0.41,0.07,0.41
411,Matt Targett,eng ENG,DF,Newcastle Utd,28-055,1995,3,1,78,0.9,0,0,0,0,0,0,1,0,0,0,0,0,1,2,0,0,0,0,0,0,0,0.03,0.03,0,0.03
412,James Tarkowski,eng ENG,DF,Everton,30-358,1992,12,12,"1,079",12,1,1,2,1,0,0,2,0,0.9,0.9,0.4,1.4,2,37,5,0.08,0.08,0.17,0.08,0.17,0.08,0.04,0.11,0.08,0.11
413,Nuno Tavares,pt POR,DF,Nott'ham Forest,23-290,2000,3,1,95,1.1,0,0,0,0,0,0,2,0,0,0,0,0,3,1,1,0,0,0,0,0,0,0,0,0,0
414,Marcus Tavernier,eng ENG,"FW,MF",Bournemouth,24-235,1999,9,8,617,6.9,0,1,1,0,0,0,0,0,0.8,0.8,1.3,2.1,22,15,32,0,0.15,0.15,0,0.15,0.11,0.19,0.31,0.11,0.31
415,Charlie Taylor,eng ENG,DF,Burnley,30-055,1993,9,9,810,9,1,0,1,1,0,0,3,0,0.1,0.1,0.1,0.2,10,31,20,0.11,0,0.11,0.11,0.11,0.01,0.01,0.02,0.01,0.02
416,Kenny Tete,nl NED,DF,Fulham,28-034,1995,5,5,427,4.7,0,0,0,0,0,0,2,0,0.2,0.2,0.1,0.3,11,24,27,0,0,0,0,0,0.04,0.01,0.05,0.04,0.05
417,Luke Thomas,eng ENG,DF,Sheffield Utd,22-155,2001,8,7,628,7,0,0,0,0,0,0,1,0,0.5,0.5,0.1,0.5,6,24,17,0,0,0,0,0,0.07,0.01,0.08,0.07,0.08
418,Youri Tielemans,be BEL,"MF,FW",Aston Villa,26-189,1997,11,0,200,2.2,0,1,1,0,0,0,0,0,0.1,0.1,0.3,0.5,8,32,7,0,0.45,0.45,0,0.45,0.06,0.15,0.21,0.06,0.21
419,Jurriën Timber,nl NED,DF,Arsenal,22-148,2001,1,1,49,0.5,0,0,0,0,0,0,1,0,0,0,0,0,0,7,3,0,0,0,0,0,0,0,0,0,0
420,Harry Toffolo,eng ENG,DF,Nott'ham Forest,28-085,1995,5,3,303,3.4,0,3,3,0,0,0,0,0,0.4,0.4,0.3,0.6,1,10,13,0,0.89,0.89,0,0.89,0.1,0.07,0.18,0.1,0.18
421,Takehiro Tomiyasu,jp JPN,DF,Arsenal,25-007,1998,10,3,421,4.7,1,0,1,1,0,0,2,1,0.4,0.4,0,0.4,6,31,12,0.21,0,0.21,0.21,0.21,0.09,0,0.09,0.09,0.09
422,James Tomkins,eng ENG,DF,Crystal Palace,34-228,1989,1,0,1,0,0,0,0,0,0,0,0,0,0,0,0,0,0,0,0,0,0,0,0,0,0,0,0,0,0
423,Sandro Tonali,it ITA,MF,Newcastle Utd,23-188,2000,8,5,438,4.9,1,0,1,1,0,0,2,0,0.7,0.7,0.6,1.3,11,19,21,0.21,0,0.21,0.21,0.21,0.13,0.13,0.26,0.13,0.26
424,Pau Torres,es ESP,DF,Aston Villa,26-300,1997,11,10,960,10.7,1,0,1,1,0,0,0,0,0.5,0.5,0.1,0.5,18,63,7,0.09,0,0.09,0.09,0.09,0.04,0.01,0.05,0.04,0.05
425,Andros Townsend,eng ENG,MF,Luton Town,32-119,1991,4,2,173,1.9,0,0,0,0,0,0,0,0,0.1,0.1,0.1,0.2,4,3,5,0,0,0,0,0,0.04,0.05,0.1,0.04,0.1
426,James Trafford,eng ENG,GK,Burnley,21-033,2002,12,12,"1,080",12,0,0,0,0,0,0,1,0,0,0,0,0,0,3,0,0,0,0,0,0,0,0,0,0,0
427,Adama Traoré,es ESP,"FW,DF",Fulham,27-291,1996,3,0,35,0.4,0,0,0,0,0,0,0,0,0.2,0.2,0,0.2,1,0,2,0,0,0,0,0,0.53,0,0.53,0.53,0.53
428,Bertrand Traoré,bf BFA,"DF,FW",Aston Villa,28-067,1995,2,0,11,0.1,0,0,0,0,0,0,0,0,0,0,0,0,0,0,0,0,0,0,0,0,0,0,0,0,0
429,Boubacar Traoré,ml MLI,"MF,FW",Wolves,22-084,2001,8,2,260,2.9,0,0,0,0,0,0,1,0,0,0,0,0.1,3,7,5,0,0,0,0,0,0.02,0.01,0.02,0.02,0.02
430,Mike Trésor,be BEL,FW,Burnley,24-168,1999,6,2,225,2.5,0,0,0,0,0,0,0,0,0.4,0.4,0.3,0.7,8,6,14,0,0,0,0,0,0.16,0.11,0.26,0.16,0.26
431,Kieran Trippier,eng ENG,DF,Newcastle Utd,33-054,1990,12,12,"1,037",11.5,0,6,6,0,0,0,3,0,0.1,0.1,4,4,18,77,62,0,0.52,0.52,0,0.52,0,0.34,0.35,0,0.35
432,Leandro Trossard,be BEL,FW,Arsenal,28-343,1994,8,3,304,3.4,3,1,4,3,0,0,0,0,0.9,0.9,1.5,2.4,12,19,30,0.89,0.3,1.18,0.89,1.18,0.26,0.46,0.72,0.26,0.72
433,Auston Trusty,us USA,DF,Sheffield Utd,25-092,1998,6,4,377,4.2,0,0,0,0,0,0,1,0,0,0,0,0,0,1,1,0,0,0,0,0,0,0.01,0.01,0,0.01
434,Kostas Tsimikas,gr GRE,DF,Liverpool,27-184,1996,4,2,180,2,0,0,0,0,0,0,0,0,0,0,0.3,0.3,7,12,29,0,0,0,0,0,0,0.13,0.13,0,0.13
435,Matt Turner,us USA,GK,Nott'ham Forest,29-141,1994,10,10,900,10,0,0,0,0,0,0,1,0,0,0,0,0,0,0,0,0,0,0,0,0,0,0,0,0,0
436,Destiny Udogie,it ITA,DF,Tottenham,20-349,2002,10,10,782,8.7,0,2,2,0,0,0,5,1,0.2,0.2,0.7,0.9,27,46,53,0,0.23,0.23,0,0.23,0.02,0.08,0.11,0.02,0.11
437,Lesley Ugochukwu,fr FRA,MF,Chelsea,19-231,2004,7,1,146,1.6,0,0,0,0,0,0,1,0,0,0,0,0,5,13,0,0,0,0,0,0,0,0.03,0.03,0,0.03
438,Virgil van Dijk,nl NED,DF,Liverpool,32-127,1991,9,9,747,8.3,0,2,2,0,0,0,1,1,0.6,0.6,1,1.6,3,46,1,0,0.24,0.24,0,0.24,0.08,0.12,0.19,0.08,0.19
439,Raphaël Varane,fr FRA,DF,Manchester Utd,30-201,1993,8,4,343,3.8,1,0,1,1,0,0,0,0,1.1,1.1,0.1,1.2,6,26,1,0.26,0,0.26,0.26,0.26,0.3,0.02,0.31,0.3,0.31
440,Alejo Véliz,ar ARG,"FW,MF",Tottenham,20-054,2003,3,0,11,0.1,0,0,0,0,0,0,1,0,0,0,0,0,0,0,0,0,0,0,0,0,0,0,0,0,0
441,Joël Veltman,nl NED,DF,Brighton,31-301,1992,11,6,670,7.4,0,1,1,0,0,0,1,0,0.1,0.1,0.4,0.5,9,28,22,0,0.13,0.13,0,0.13,0.01,0.05,0.06,0.01,0.06
442,Micky van de Ven,nl NED,DF,Tottenham,22-207,2001,11,11,943,10.5,1,0,1,1,0,0,1,0,0.3,0.3,0,0.3,9,34,1,0.1,0,0.1,0.1,0.1,0.03,0,0.03,0.03,0.03
443,Bart Verbruggen,nl NED,GK,Brighton,21-086,2002,5,5,450,5,0,0,0,0,0,0,0,0,0,0,0,0,0,0,0,0,0,0,0,0,0,0,0,0,0
444,Guglielmo Vicario,it ITA,GK,Tottenham,27-036,1996,12,12,"1,080",12,0,0,0,0,0,0,2,0,0,0,0,0,0,0,0,0,0,0,0,0,0,0,0,0,0
445,Fabio Vieira,pt POR,MF,Arsenal,23-166,2000,8,2,241,2.7,1,2,3,0,1,1,0,1,1.2,0.4,1.1,1.5,9,12,24,0.37,0.75,1.12,0,0.75,0.45,0.4,0.84,0.15,0.55
446,Carlos Vinícius,br BRA,FW,Fulham,28-232,1995,6,2,216,2.4,1,0,1,1,0,0,0,0,0.7,0.7,0.5,1.2,2,2,8,0.42,0,0.42,0.42,0.42,0.28,0.23,0.5,0.28,0.5
447,Vitinho,br BRA,DF,Burnley,24-112,1999,6,5,420,4.7,0,0,0,0,0,0,0,0,0,0,0.1,0.1,14,14,9,0,0,0,0,0,0,0.03,0.03,0,0.03
448,Odisseas Vlachodimos,gr GRE,GK,Nott'ham Forest,29-200,1994,1,1,90,1,0,0,0,0,0,0,0,0,0,0,0,0,0,0,0,0,0,0,0,0,0,0,0,0,0
449,Kyle Walker,eng ENG,DF,Manchester City,33-168,1990,11,11,989,11,0,1,1,0,0,0,1,0,0.1,0.1,1.2,1.3,29,59,77,0,0.09,0.09,0,0.09,0.01,0.11,0.12,0.01,0.12
450,Aaron Wan-Bissaka,eng ENG,DF,Manchester Utd,25-351,1997,6,5,431,4.8,0,1,1,0,0,0,2,0,0,0,1.1,1.1,11,23,10,0,0.21,0.21,0,0.21,0,0.24,0.24,0,0.24
451,Joel Ward,eng ENG,DF,Crystal Palace,34-014,1989,11,11,961,10.7,0,0,0,0,0,0,3,0,0.7,0.7,0.1,0.7,11,36,9,0,0,0,0,0,0.06,0.01,0.07,0.06,0.07
452,James Ward-Prowse,eng ENG,MF,West Ham,29-011,1994,10,10,872,9.7,2,3,5,2,0,0,1,0,1.7,1.7,2.5,4.2,8,34,21,0.21,0.31,0.52,0.21,0.52,0.18,0.26,0.44,0.18,0.44
453,Deivid Washington,br BRA,DF,Chelsea,18-160,2005,1,0,10,0.1,0,0,0,0,0,0,0,0,0.5,0.5,0,0.5,0,0,1,0,0,0,0,0,4.19,0,4.19,4.19,4.19
454,Ollie Watkins,eng ENG,FW,Aston Villa,27-317,1995,11,11,948,10.5,5,5,10,5,0,0,0,0,5.2,5.2,2.5,7.7,21,15,64,0.47,0.47,0.95,0.47,0.95,0.49,0.24,0.73,0.49,0.73
455,Adam Webster,eng ENG,DF,Brighton,28-312,1995,5,5,450,5,0,0,0,0,0,0,1,0,0.1,0.1,0,0.1,6,26,0,0,0,0,0,0,0.02,0,0.02,0.02,0.02
456,Danny Welbeck,eng ENG,"FW,MF",Brighton,32-351,1990,8,7,408,4.5,1,0,1,1,0,0,1,0,1.1,1.1,0.3,1.4,8,11,21,0.22,0,0.22,0.22,0.22,0.24,0.06,0.3,0.24,0.3
457,Ben White,eng ENG,DF,Arsenal,26-035,1997,11,11,947,10.5,1,0,1,1,0,0,2,0,0.5,0.5,0.9,1.4,15,54,47,0.1,0,0.1,0.1,0.1,0.05,0.09,0.13,0.05,0.13
458,Neco Williams,wls WAL,"MF,DF",Nott'ham Forest,22-213,2001,5,1,125,1.4,0,0,0,0,0,0,0,0,0,0,0.1,0.1,1,3,5,0,0,0,0,0,0.01,0.08,0.1,0.01,0.1
459,Willian,br BRA,FW,Fulham,35-095,1988,10,8,695,7.7,1,0,1,1,0,0,1,0,1.2,1.2,0.7,2,34,39,61,0.13,0,0.13,0.13,0.13,0.16,0.1,0.25,0.16,0.25
460,Joe Willock,eng ENG,"MF,FW",Newcastle Utd,24-084,1999,3,1,137,1.5,0,0,0,0,0,0,0,0,0.2,0.2,0.3,0.5,6,3,9,0,0,0,0,0,0.1,0.21,0.31,0.1,0.31
461,Callum Wilson,eng ENG,FW,Newcastle Utd,31-258,1992,10,5,484,5.4,7,0,7,5,2,2,1,0,5.9,4.4,0,4.4,6,4,36,1.3,0,1.3,0.93,0.93,1.11,0,1.11,0.81,0.82
462,Harry Wilson,wls WAL,FW,Fulham,26-235,1997,11,7,639,7.1,0,1,1,0,0,0,2,0,0.8,0.8,1.1,1.9,13,24,54,0,0.14,0.14,0,0.14,0.11,0.16,0.27,0.11,0.27
463,Yoane Wissa,cd COD,FW,Brentford,27-070,1996,11,11,921,10.2,3,1,4,3,0,0,1,0,4.5,4.5,1,5.6,19,13,50,0.29,0.1,0.39,0.29,0.39,0.44,0.1,0.55,0.44,0.55
464,Chris Wood,nz NZL,FW,Nott'ham Forest,31-340,1991,9,2,238,2.6,3,0,3,3,0,0,0,0,2.1,2.1,0.2,2.3,3,3,10,1.13,0,1.13,1.13,1.13,0.79,0.07,0.86,0.79,0.86
465,Cauley Woodrow,eng ENG,"FW,MF",Luton Town,28-345,1994,7,0,81,0.9,0,0,0,0,0,0,0,0,0.6,0.6,0.3,1,3,1,6,0,0,0,0,0,0.68,0.39,1.07,0.68,1.07
466,Joe Worrall,eng ENG,DF,Nott'ham Forest,26-306,1997,6,5,438,4.9,0,0,0,0,0,0,0,1,0.1,0.1,0.2,0.3,0,8,1,0,0,0,0,0,0.02,0.04,0.06,0.02,0.06
467,Yehor Yarmoliuk,ua UKR,MF,Brentford,19-256,2004,3,0,42,0.5,0,0,0,0,0,0,0,0,,,,,,,,0,0,0,0,0,,,,,
468,Ryan Yates,eng ENG,MF,Nott'ham Forest,25-356,1997,9,3,366,4.1,0,0,0,0,0,0,2,0,0.1,0.1,0.1,0.2,4,8,8,0,0,0,0,0,0.02,0.03,0.04,0.02,0.04
469,Ashley Young,eng ENG,DF,Everton,38-126,1985,11,11,917,10.2,0,0,0,0,0,0,5,1,0.1,0.1,0.5,0.6,18,39,11,0,0,0,0,0,0.01,0.05,0.06,0.01,0.06
470,Illia Zabarnyi,ua UKR,DF,Bournemouth,21-072,2002,12,12,"1,080",12,0,0,0,0,0,0,2,0,0.3,0.3,0,0.3,7,32,0,0,0,0,0,0,0.02,0,0.02,0.02,0.02
471,Nicolò Zaniolo,it ITA,"FW,MF",Aston Villa,24-133,1999,9,6,424,4.7,0,0,0,0,0,0,2,0,1.5,1.5,0.7,2.2,21,17,32,0,0,0,0,0,0.31,0.16,0.46,0.31,0.46
472,Anass Zaroury,ma MAR,FW,Burnley,23-005,2000,4,1,127,1.4,0,0,0,0,0,0,0,1,0.2,0.2,0,0.2,1,2,12,0,0,0,0,0,0.12,0.03,0.14,0.12,0.14
473,Oleksandr Zinchenko,ua UKR,DF,Arsenal,26-332,1996,11,8,666,7.4,1,0,1,1,0,0,1,0,0.3,0.3,0.6,0.9,15,84,21,0.14,0,0.14,0.14,0.14,0.05,0.08,0.12,0.05,0.12
474,Kurt Zouma,fr FRA,DF,West Ham,29-016,1994,10,10,900,10,1,0,1,1,0,0,1,0,0.6,0.6,0,0.6,1,15,0,0.1,0,0.1,0.1,0.1,0.06,0,0.06,0.06,0.06
475,Martin Ødegaard,no NOR,MF,Arsenal,24-330,1998,9,9,787,8.7,3,1,4,1,2,2,1,0,2.6,1,0.7,1.7,22,46,51,0.34,0.11,0.46,0.11,0.23,0.29,0.08,0.38,0.11,0.2
